"","smiles","drugbank_id","prestwick_ID"
"1","C[C@H](CNC(=O)CC[C@]1(C)[C@@H](CC(N)=O)[C@H]2N=C1\C(C)=C1/N=C(/C=C3\N=C(\C(\C)=C4\[C@@H](CCC(N)=O)[C@](C)(CC(N)=O)[C@@]2(C)N4[Co+]C#N)[C@@](C)(CC(N)=O)[C@@H]3CCC(N)=O)C(C)(C)[C@@H]1CCC(N)=O)OP([O-])(=O)O[C@@H]1[C@@H](CO)O[C@@H]([C@@H]1O)N1C=NC2=C1C=C(C)C(C)=C2","DB00115","Prestw-433"
"2","[H][C@]12CS[C@@H](CCCCC(O)=O)[C@@]1([H])NC(=O)N2","DB00121","Prestw-418"
"3","[H][C@@]1(OC(=O)C(O)=C1O)[C@@H](O)CO","DB00126","Prestw-325"
"4","NC1=C2N=CN([C@@H]3O[C@H](COP(O)(O)=O)[C@@H](O)[C@H]3O)C2=NC=N1","DB00131","Prestw-356"
"5","CC1=C(CCO)SC=[N+]1CC1=CN=C(C)N=C1N","DB00152","Prestw-631"
"6","NC1=NC(=O)C2=NC(CNC3=CC=C(C=C3)C(=O)N[C@@H](CCC(O)=O)C(O)=O)=CN=C2N1","DB00158","Prestw-627"
"7","CC1=C(O)C(CO)=C(CO)C=N1","DB00165","Prestw-623"
"8","[H][C@]12[C@H](C[C@H](O)C=C1C=C[C@H](C)[C@@H]2CC[C@@H](O)C[C@@H](O)CC(O)=O)OC(=O)[C@@H](C)CC","DB00175","Prestw-1319"
"9","COCCCC\C(=N/OCCN)C1=CC=C(C=C1)C(F)(F)F","DB00176","Prestw-995"
"10","[H][C@@]12CCC[C@]1([H])N([C@@H](C2)C(O)=O)C(=O)[C@H](C)N[C@@H](CCC1=CC=CC=C1)C(=O)OCC","DB00178","Prestw-1107"
"11","[H][C@@]12C[C@@]3([H])[C@]4([H])C[C@H](F)C5=CC(=O)C=C[C@]5(C)[C@@]4([H])[C@@H](O)C[C@]3(C)[C@@]1(OC(C)(C)O2)C(=O)CO","DB00180","Prestw-643"
"12","NCC(CC(O)=O)C1=CC=C(Cl)C=C1","DB00181","Prestw-85"
"13","COC(=O)CCC1=CC=C(OCC(O)CNC(C)C)C=C1","DB00187","Prestw-1137"
"14","C[C@@](CC1=CC(O)=C(O)C=C1)(NN)C(O)=O","DB00190","Prestw-1177"
"15","CC(C)(N)CC1=CC=CC=C1","DB00191","Prestw-1308"
"16","COC1=CC=CC(=C1)[C@@]1(O)CCCC[C@@H]1CN(C)C","DB00193","Prestw-1465"
"17","NC1=NC=NC2=C1N=CN2[C@@H]1O[C@H](CO)[C@@H](O)[C@@H]1O","DB00194","Prestw-768"
"18","CC(C)NCC(O)COC1=CC=C(CCOCC2CC2)C=C1","DB00195","Prestw-382"
"19","OC(CN1C=NC=N1)(CN1C=NC=N1)C1=C(F)C=C(F)C=C1","DB00196","Prestw-1417"
"20","CC1=C(C)C2=C(CCC(C)(COC3=CC=C(CC4SC(=O)NC4=O)C=C3)O2)C(C)=C1O","DB00197","Prestw-1467"
"21","CC[C@H]1OC(=O)[C@H](C)[C@@H](O[C@H]2C[C@@](C)(OC)[C@@H](O)[C@H](C)O2)[C@H](C)[C@@H](O[C@@H]2O[C@H](C)C[C@@H]([C@H]2O)N(C)C)[C@](C)(O)C[C@@H](C)C(=O)[C@H](C)[C@@H](O)[C@]1(C)O","DB00199","Prestw-151"
"22","CN1C=NC2=C1C(=O)N(C)C(=O)N2C","DB00201","Prestw-1256"
"23","CCCC1=NN(C)C2=C1NC(=NC2=O)C1=C(OCC)C=CC(=C1)S(=O)(=O)N1CCN(C)CC1","DB00203","Prestw-1342"
"24","CCC1=C(C(N)=NC(N)=N1)C1=CC=C(Cl)C=C1","DB00205","Prestw-37"
"25","[H][C@]12C[C@@H](OC(=O)C3=CC(OC)=C(OC)C(OC)=C3)[C@H](OC)[C@@H](C(=O)OC)[C@@]1([H])C[C@@]1([H])N(CCC3=C1NC1=C3C=CC(OC)=C1)C2","DB00206","Prestw-875"
"26","CC[C@H]1OC(=O)[C@H](C)[C@@H](O[C@H]2C[C@@](C)(OC)[C@@H](O)[C@H](C)O2)[C@H](C)[C@@H](O[C@@H]2O[C@H](C)C[C@@H]([C@H]2O)N(C)C)[C@](C)(O)C[C@@H](C)CN(C)[C@H](C)[C@@H](O)[C@]1(C)O","DB00207","Prestw-1234"
"27","ClC1=CC=CC=C1CN1CCC2=C(C1)C=CS2","DB00208","Prestw-47"
"28","COC1=CC(C(O)CNC(=O)CN)=C(OC)C=C1","DB00211","Prestw-191"
"29","CC(C)NC(=O)NS(=O)(=O)C1=C(NC2=CC=CC(C)=C2)C=CN=C1","DB00214","Prestw-1030"
"30","CN(C)CCCC1(OCC2=C1C=CC(=C2)C#N)C1=CC=C(F)C=C1","DB00215","Prestw-692"
"31","[H][C@]12CN(C[C@@]1([H])NCCC2)C1=C(F)C=C2C(=O)C(=CN(C3CC3)C2=C1OC)C(O)=O","DB00218","Prestw-1446"
"32","CCC(NC(C)C)C(O)C1=CC(O)=C(O)C=C1","DB00221","Prestw-749"
"33","CCC1=C(C)CN(C(=O)NCCC2=CC=C(C=C2)S(=O)(=O)NC(=O)N[C@H]2CC[C@H](C)CC2)C1=O","DB00222","Prestw-651"
"34","[H][C@@]12C[C@H](C)[C@](O)(C(=O)CO)[C@@]1(C)C[C@H](O)[C@@]1(F)[C@@]2([H])C[C@H](F)C2=CC(=O)C=C[C@]12C","DB00223","Prestw-619"
"35","NC(N)=NCC1COC2(CCCCC2)O1","DB00226","Prestw-767"
"36","[H][C@]12[C@H](C[C@@H](C)C=C1C=C[C@H](C)[C@@H]2CC[C@@H]1C[C@@H](O)CC(=O)O1)OC(=O)[C@@H](C)CC","DB00227","Prestw-516"
"37","[H][C@]12SCC(CSC3=NN=NN3CCN(C)C)=C(N1C(=O)[C@H]2NC(=O)CC1=CSC(N)=N1)C(O)=O","DB00229","Prestw-482"
"38","NC1=CC(O)=C(C=C1)C(O)=O","DB00233","Prestw-1202"
"39","[H][C@@](OC1=CC=CC=C1OCC)(C1=CC=CC=C1)[C@@]1([H])CNCCO1","DB00234","Prestw-1328"
"40","CC1=C(C=C(C#N)C(=O)N1)C1=CC=NC=C1","DB00235","Prestw-1065"
"41","ClC1=CC(Cl)=C(CO\N=C(/CN2C=CN=C2)C2=CC=C(Cl)C=C2Cl)C=C1","DB00239","Prestw-1125"
"42","[H][C@@]12C[C@@H](C)[C@](O)(C(=O)CO)[C@@]1(C)C[C@H](O)[C@@]1([H])[C@@]2([H])[C@H](Cl)CC2=CC(=O)C=C[C@]12C","DB00240","Prestw-771"
"43","CC(C)CC1(CC=C)C(=O)NC(=O)NC1=O","DB00241","Prestw-1251"
"44","NC1=C2N=CN([C@H]3C[C@H](O)[C@@H](CO)O3)C2=NC(Cl)=N1","DB00242","Prestw-1484"
"45","COC1=CC=CC=C1OCC(O)CN1CCN(CC(=O)NC2=C(C)C=CC=C2C)CC1","DB00243","Prestw-1092"
"46","NC1=CC(C(O)=O)=C(O)C=C1","DB00244","Prestw-1069"
"47","[H][C@]12CC[C@]([H])(C[C@@]([H])(C1)OC(C1=CC=CC=C1)C1=CC=CC=C1)N2C","DB00245","Prestw-1236"
"48","ClC1=C(CCN2CCN(CC2)C2=NSC3=CC=CC=C23)C=C2CC(=O)NC2=C1","DB00246","Prestw-1188"
"49","OC[C@H]1O[C@H](C[C@@H]1O)N1C=C(I)C(=O)NC1=O","DB00249","Prestw-18"
"50","NC1=CC=C(C=C1)S(=O)(=O)C1=CC=C(N)C=C1","DB00250","Prestw-35"
"51","CC(C)N1CCN(CC1)C1=CC=C(OC[C@H]2CO[C@@](CN3C=NC=N3)(O2)C2=C(Cl)C=C(Cl)C=C2)C=C1","DB00251","Prestw-495"
"52","[H][C@@]12CC[C@H](C(C)=O)[C@@]1(C)C[C@H](O)[C@@]1([H])[C@@]2([H])C[C@H](C)C2=CC(=O)CC[C@]12C","DB00253","Prestw-743"
"53","[H][C@@]12[C@@H](C)C3=CC=CC(O)=C3C(=O)C1=C(O)[C@]1(O)C(=O)C(C(N)=O)=C(O)[C@@H](N(C)C)[C@]1([H])[C@H]2O","DB00254","Prestw-1399"
"54","CC\C(=C(\CC)C1=CC=C(O)C=C1)C1=CC=C(O)C=C1","DB00255","Prestw-756"
"55","[H][C@@]12C[C@@]3([H])C(C(=O)C4=C(O)C=CC=C4[C@@]3(C)O)=C(O)[C@]1(O)C(=O)C(C(=O)NCNCCCC[C@H](N)C(O)=O)=C(O)[C@H]2N(C)C","DB00256","Prestw-1000"
"56","ClC1=CC=CC=C1C(N1C=CN=C1)(C1=CC=CC=C1)C1=CC=CC=C1","DB00257","Prestw-267"
"57","NC1=CC=C(C=C1)S(N)(=O)=O","DB00259","Prestw-729"
"58","N[C@@H]1CONC1=O","DB00260","Prestw-1086"
"59","CC1=NOC(NS(=O)(=O)C2=CC=C(N)C=C2)=C1C","DB00263","Prestw-334"
"60","COCCC1=CC=C(OCC(O)CNC(C)C)C=C1","DB00264","Prestw-733"
"61","CCN(C(=O)C=CC)C1=CC=CC=C1C","DB00265","Prestw-951"
"62","OC1=C(CC2=C(O)C3=C(OC2=O)C=CC=C3)C(=O)OC2=C1C=CC=C2","DB00266","Prestw-785"
"63","CCCN(CCC)CCC1=C2CC(=O)NC2=CC=C1","DB00268","Prestw-1158"
"64","COC1=CC=C(C=C1)C(Cl)=C(C1=CC=C(OC)C=C1)C1=CC=C(OC)C=C1","DB00269","Prestw-757"
"65","COC(=O)C1=C(C)NC(C)=C(C1C1=CC=CC2=NON=C12)C(=O)OC(C)C","DB00270","Prestw-1021"
"66","NCCC1=CC=NN1","DB00272","Prestw-43"
"67","[H][C@@]12CO[C@@]3(COS(N)(=O)=O)OC(C)(C)O[C@@]3([H])[C@]1([H])OC(C)(C)O2","DB00273","Prestw-1493"
"68","[H][C@]12SCC(CSC3=NN=NN3C)=C(N1C(=O)[C@]2(NC(=O)CSCC#N)OC)C(O)=O","DB00274","Prestw-700"
"69","CCCC1=NC(=C(N1CC1=CC=C(C=C1)C1=C(C=CC=C1)C1=NN=NN1)C(O)=O)C(C)(C)O","DB00275","Prestw-1190"
"70","CN1C2=C(NC=N2)C(=O)N(C)C1=O","DB00277","Prestw-873"
"71","C[C@@H]1CCN([C@H](C1)C(O)=O)C(=O)[C@H](CCCNC(N)=N)NS(=O)(=O)C1=CC=CC2=C1NCC(C)C2","DB00278","Prestw-1228"
"72","N[C@@H](CC1=CC(I)=C(OC2=CC(I)=C(O)C=C2)C(I)=C1)C(O)=O","DB00279","Prestw-853"
"73","CC(C)N(CCC(C(N)=O)(C1=CC=CC=C1)C1=NC=CC=C1)C(C)C","DB00280","Prestw-266"
"74","CCN(CC)CC(=O)NC1=C(C)C=CC=C1C","DB00281","Prestw-50"
"75","CN1CCC[C@@H]1CCO[C@](C)(C1=CC=CC=C1)C1=CC=C(Cl)C=C1","DB00283","Prestw-306"
"76","[H][C@@](O)(CO)[C@@]([H])(O[C@@]1([H])O[C@]([H])(CO)[C@@]([H])(O[C@@]2([H])O[C@]([H])(C)[C@@]([H])(N[C@@]3([H])C=C(CO)[C@@]([H])(O)[C@]([H])(O)[C@@]3([H])O)[C@]([H])(O)[C@@]2([H])O)[C@]([H])(O)[C@@]1([H])O)[C@]([H])(O)[C@@]([H])(O)C=O","DB00284","Prestw-1174"
"77","COC1=CC=C(C=C1)C(CN(C)C)C1(O)CCCCC1","DB00285","Prestw-1170"
"78","[H][C@@]12C[C@H]3OC4(CCCC4)O[C@@]3(C(=O)COC(C)=O)[C@@]1(C)C[C@H](O)[C@@]1(F)[C@@]2([H])CCC2=CC(=O)C=C[C@]12C","DB00288","Prestw-1476"
"79","OC(=O)CCCC1=CC=C(C=C1)N(CCCl)CCCl","DB00291","Prestw-1079"
"80","CCOC(=O)C1=CN=CN1[C@H](C)C1=CC=CC=C1","DB00292","Prestw-1041"
"81","CCCCN1CCCCC1C(=O)NC1=C(C)C=CC=C1C","DB00297","Prestw-305"
"82","NC1=NC(=O)C2=C(N1)N(CCC(CO)CO)C=N2","DB00299","Prestw-1488"
"83","[H][C@]12SC(C)(C)[C@@H](N1C(=O)[C@H]2NC(=O)C1=C(C)ON=C1C1=C(F)C=CC=C1Cl)C(O)=O","DB00301","Prestw-1011"
"84","NC[C@H]1CC[C@@H](CC1)C(O)=O","DB00302","Prestw-171"
"85","CCCCCCCN(CC)CCCC(O)C1=CC=C(NS(C)(=O)=O)C=C1","DB00308","Prestw-1508"
"86","NS(=O)(=O)C1=C(Cl)C=CC(=C1)C1(O)NC(=O)C2=CC=CC=C12","DB00310","Prestw-351"
"87","CCCC(C)C1(CC)C(=O)NC(=O)NC1=O","DB00312","Prestw-1491"
"88","CCCC(CCC)C(O)=O","DB00313","Prestw-1482"
"89","CC(=O)NC1=CC=C(O)C=C1","DB00316","Prestw-868"
"90","COC1=C(OCCCN2CCOCC2)C=C2C(NC3=CC(Cl)=C(F)C=C3)=NC=NC2=C1","DB00317","Prestw-1270"
"91","[H][C@]12SC(C)(C)[C@@H](N1C(=O)[C@H]2NC(=O)[C@H](NC(=O)N1CCN(CC)C(=O)C1=O)C1=CC=CC=C1)C(O)=O","DB00319","Prestw-755"
"92","[H][C@@]12CCCN1C(=O)[C@H](CC1=CC=CC=C1)N1C(=O)[C@](C)(NC(=O)[C@H]3CN(C)[C@]4([H])CC5=CNC6=CC=CC(=C56)[C@@]4([H])C3)O[C@@]21O","DB00320","Prestw-150"
"93","CN(C)CCC=C1C2=CC=CC=C2CCC2=CC=CC=C12","DB00321","Prestw-74"
"94","OC[C@H]1O[C@H](C[C@@H]1O)N1C=C(F)C(=O)NC1=O","DB00322","Prestw-1415"
"95","[H][C@@]12CC[C@](O)(C(C)=O)[C@@]1(C)C[C@H](O)[C@@]1(F)[C@@]2([H])C[C@H](C)C2=CC(=O)C=C[C@]12C","DB00324","Prestw-718"
"96","COC1=CC2=C(C=C1)N(C(=O)C1=CC=C(Cl)C=C1)C(C)=C2CC(O)=O","DB00328","Prestw-272"
"97","CC[C@@H](CO)NCCN[C@@H](CC)CO","DB00330","Prestw-28"
"98","CN(C)C(=N)NC(N)=N","DB00331","Prestw-4"
"99","CN1CCN(CC1)C1=NC2=CC=CC=C2NC2=C1C=C(C)S2","DB00334","Prestw-1455"
"100","CC(C)NCC(O)COC1=CC=C(CC(N)=O)C=C1","DB00335","Prestw-536"
"101","NC(=O)N\N=C\C1=CC=C(O1)[N+]([O-])=O","DB00336","Prestw-492"
"102","COC1=CC2=C(C=C1)N=C(N2)S(=O)CC1=NC=C(C)C(OC)=C1C","DB00338","Prestw-493"
"103","NC(=O)C1=NC=CN=C1","DB00339","Prestw-514"
"104","CN1CCCC(CC2C3=CC=CC=C3SC3=CC=CC=C23)C1","DB00340","Prestw-491"
"105","OC(=O)COCCN1CCN(CC1)C(C1=CC=CC=C1)C1=CC=C(Cl)C=C1","DB00341","Prestw-503"
"106","CC(C)(C)C1=CC=C(C=C1)C(O)CCCN1CCC(CC1)C(O)(C1=CC=CC=C1)C1=CC=CC=C1","DB00342","Prestw-138"
"107","COC1=CC=C(C=C1)[C@@H]1SC2=C(C=CC=C2)N(CCN(C)C)C(=O)[C@@H]1OC(C)=O","DB00343","Prestw-134"
"108","CNCCCC1C2=CC=CC=C2C=CC2=CC=CC=C12","DB00344","Prestw-930"
"109","NC1=CC=C(C=C1)C(=O)NCC(O)=O","DB00345","Prestw-895"
"110","COC1=CC2=C(C=C1OC)C(N)=NC(=N2)N(C)CCCNC(=O)C1CCCO1","DB00346","Prestw-322"
"111","CN1C(=O)OC(C)(C)C1=O","DB00347","Prestw-515"
"112","NC1=CC(=NC(N)=[N+]1[O-])N1CCCCC1","DB00350","Prestw-20"
"113","[H][C@@]12CC[C@](OC(C)=O)(C(C)=O)[C@@]1(C)CC[C@@]1([H])[C@@]2([H])C=C(C)C2=CC(=O)CC[C@]12C","DB00351","Prestw-956"
"114","NC1=NC(=S)C2=C(N1)N=CN2","DB00352","Prestw-347"
"115","[H][C@@]12CC3=CNC4=CC=CC(=C34)C1=C[C@H](CN2C)C(=O)N[C@@H](CC)CO","DB00353","Prestw-374"
"116","C[C@H]1[C@H](NC(=O)C(=N/OC(C)(C)C(=O)O)\C2=CSC([NH3+])=N2)C(=O)N1S([O-])(=O)=O","DB00355","Prestw-185"
"117","ClC1=CC2=C(OC(=O)N2)C=C1","DB00356","Prestw-163"
"118","CCC1(CCC(=O)NC1=O)C1=CC=C(N)C=C1","DB00357","Prestw-244"
"119","OC(C1CCCCN1)C1=CC(=NC2=C1C=CC=C2C(F)(F)F)C(F)(F)F","DB00358","Prestw-126"
"120","NC1=CC=C(C=C1)S(=O)(=O)NC1=NC=CC=N1","DB00359","Prestw-23"
"121","CN1CCN(CC1)C1=NC2=CC(Cl)=CC=C2NC2=CC=CC=C12","DB00363","Prestw-350"
"122","CN(C)CCOC(C)(C1=CC=CC=C1)C1=CC=CC=N1","DB00366","Prestw-27"
"123","[H][C@@]12CC[C@@](O)(C#C)[C@@]1(CC)CC[C@]1([H])[C@@]3([H])CCC(=O)C=C3CC[C@@]21[H]","DB00367","Prestw-773"
"124","CN1CCN2C(C1)C1=CC=CC=C1CC1=C2N=CC=C1","DB00370","Prestw-1144"
"125","CCSC1=CC2=C(SC3=CC=CC=C3N2CCCN2CCN(C)CC2)C=C1","DB00372","Prestw-1068"
"126","[H][C@](O)(CNC(C)(C)C)COC1=NSN=C1N1CCOCC1","DB00373","Prestw-948"
"127","OC(CCN1CCCCC1)(C1CCCCC1)C1=CC=CC=C1","DB00376","Prestw-701"
"128","[H][C@@]12CC[C@H](C(C)=O)[C@@]1(C)CC[C@]1([H])[C@@]2([H])C=CC2=CC(=O)CC[C@@]12C","DB00378","Prestw-671"
"129","CC(N)COC1=C(C)C=CC=C1C","DB00379","Prestw-241"
"130","CCOC(=O)C1=C(COCCN)NC(C)=C(C1C1=CC=CC=C1Cl)C(=O)OC","DB00381","Prestw-1219"
"131","NC1=C2CCCCC2=NC2=CC=CC=C12","DB00382","Prestw-329"
"132","NC1=NC(N)=C2N=C(C(N)=NC2=N1)C1=CC=CC=C1","DB00384","Prestw-34"
"133","OC(CCN1CCCC1)(C1CCCCC1)C1=CC=CC=C1","DB00387","Prestw-844"
"134","CCOC(=O)N1C=CN(C)C1=S","DB00389","Prestw-439"
"135","[H][C@]12CC[C@]3([H])[C@]([H])(C[C@@H](O)[C@]4(C)[C@H](CC[C@]34O)C3=CC(=O)OC3)[C@@]1(C)CC[C@@H](C2)O[C@H]1C[C@H](O)[C@H](O[C@H]2C[C@H](O)[C@H](O[C@H]3C[C@H](O)[C@H](O)[C@@H](C)O3)[C@@H](C)O2)[C@@H](C)O1","DB00390","Prestw-437"
"136","CCN1CCCC1CNC(=O)C1=C(OC)C=CC(=C1)S(N)(=O)=O","DB00391","Prestw-56"
"137","CCN(CC)C(C)CN1C2=CC=CC=C2SC2=CC=CC=C12","DB00392","Prestw-840"
"138","COCCOC(=O)C1=C(C)NC(C)=C(C1C1=CC(=CC=C1)[N+]([O-])=O)C(=O)OC(C)C","DB00393","Prestw-918"
"139","[H][C@@]12C[C@H](C)[C@](OC(=O)CC)(C(=O)COC(=O)CC)[C@@]1(C)C[C@H](O)[C@@]1(Cl)[C@@]2([H])CCC2=CC(=O)C=C[C@]12C","DB00394","Prestw-855"
"140","CCCC(C)(COC(N)=O)COC(=O)NC(C)C","DB00395","Prestw-423"
"141","[H][C@@]12CC[C@H](C(C)=O)[C@@]1(C)CC[C@@]1([H])[C@@]2([H])CCC2=CC(=O)CC[C@]12C","DB00396","Prestw-477"
"142","[H][C@@](C)(N)[C@]([H])(O)C1=CC=CC=C1","DB00397","Prestw-324"
"143","COC1=CC(OC)=C(Cl)C2=C1C(=O)[C@]1(O2)[C@H](C)CC(=O)C=C1OC","DB00400","Prestw-226"
"144","COC(=O)C1=C(C)NC(C)=C(C1C1=CC=CC=C1[N+]([O-])=O)C(=O)OCC(C)C","DB00401","Prestw-666"
"145","CN1CCN(CC1)C1=NC2=CC=CC=C2OC2=C1C=C(Cl)C=C2","DB00408","Prestw-132"
"146","CCN1CCC[C@H]1CNC(=O)C1=C(OC)C=CC(Br)=C1OC","DB00409","Prestw-971"
"147","C[N+](C)(C)CCOC(N)=O","DB00411","Prestw-880"
"148","CN(CCOC1=CC=C(CC2SC(=O)NC2=O)C=C1)C1=CC=CC=N1","DB00412","Prestw-1337"
"149","CCCN[C@H]1CCC2=C(C1)SC(N)=N2","DB00413","Prestw-1316"
"150","CC(=O)C1=CC=C(C=C1)S(=O)(=O)NC(=O)NC1CCCCC1","DB00414","Prestw-55"
"151","[H][C@]12SC(C)(C)[C@@H](N1C(=O)[C@H]2NC(=O)[C@H](N)C1=CC=CC=C1)C(O)=O","DB00415","Prestw-114"
"152","CN(C)CCCN1C2=CC=CC=C2SC2=CC=CC=C12","DB00420","Prestw-693"
"153","[H][C@@]12CC[C@@]3(CCC(=O)O3)[C@@]1(C)CC[C@@]1([H])[C@@]2([H])[C@@]([H])(CC2=CC(=O)CC[C@]12C)SC(C)=O","DB00421","Prestw-128"
"154","COC1=C(OCC(O)COC(N)=O)C=CC=C1","DB00423","Prestw-184"
"155","CN1[C@H]2CC[C@@H]1C[C@@H](C2)OC(=O)[C@H](CO)C1=CC=CC=C1","DB00424","Prestw-233"
"156","CC(=O)OCC(CCN1C=NC2=CN=C(N)N=C12)COC(C)=O","DB00426","Prestw-1249"
"157","CC1=CC=C(C=C1)C(=C/CN1CCCC1)\C1=CC=CC=N1","DB00427","Prestw-262"
"158","CN(N=O)C(=O)N[C@H]1[C@@H](O)O[C@H](CO)[C@@H](O)[C@@H]1O","DB00428","Prestw-732"
"159","OC[C@H]1O[C@H](C[C@@H]1O)N1C=C(C(=O)NC1=O)C(F)(F)F","DB00432","Prestw-1056"
"160","CN1CCN(CCCN2C3=CC=CC=C3SC3=C2C=C(Cl)C=C3)CC1","DB00433","Prestw-399"
"161","CN1CCC(CC1)=C1C2=CC=CC=C2C=CC2=CC=CC=C12","DB00434","Prestw-103"
"162","NS(=O)(=O)C1=CC2=C(NC(CC3=CC=CC=C3)NS2(=O)=O)C=C1C(F)(F)F","DB00436","Prestw-784"
"163","OC1=NC=NC2=C1C=NN2","DB00437","Prestw-1213"
"164","[O-]C(=O)C1=C(CS[C@]2([H])[C@H](NC(=O)C(=N/OC(C)(C)C(O)=O)\C3=CSC(N)=N3)C(=O)N12)C[N+]1=CC=CC=C1","DB00438","Prestw-489"
"165","COC1=CC(CC2=CN=C(N)N=C2N)=CC(OC)=C1OC","DB00440","Prestw-208"
"166","NC1=NC(=O)N(C=C1)[C@@H]1O[C@H](CO)[C@@H](O)C1(F)F","DB00441","Prestw-1266"
"167","[H][C@@]12C[C@H](C)[C@](O)(C(=O)CO)[C@@]1(C)C[C@H](O)[C@@]1(F)[C@@]2([H])CCC2=CC(=O)C=C[C@]12C","DB00443","Prestw-362"
"168","OC[C@@H](NC(=O)C(Cl)Cl)[C@H](O)C1=CC=C(C=C1)[N+]([O-])=O","DB00446","Prestw-31"
"169","N[C@@H](C(=O)N[C@H]1[C@H]2CCC(Cl)=C(N2C1=O)C(O)=O)C1=CC=CC=C1","DB00447","Prestw-1431"
"170","CC1=C(OCC(F)(F)F)C=CN=C1CS(=O)C1=NC2=CC=CC=C2N1","DB00448","Prestw-1072"
"171","CNCC(O)C1=CC(OC(=O)C(C)(C)C)=C(OC(=O)C(C)(C)C)C=C1","DB00449","Prestw-632"
"172","FC1=CC=C(C=C1)C(=O)CCCN1CCC(=CC1)N1C(=O)NC2=CC=CC=C12","DB00450","Prestw-360"
"173","N[C@@H](CC1=CC(I)=C(OC2=CC(I)=C(O)C(I)=C2)C(I)=C1)C(O)=O","DB00451","Prestw-403"
"174","CCOC(=O)N1CCC(CC1)=C1C2=C(CCC3=C1N=CC=C3)C=C(Cl)C=C2","DB00455","Prestw-1432"
"175","[H][C@]12SCC(COC(C)=O)=C(N1C(=O)[C@H]2NC(=O)CC1=CC=CS1)C(O)=O","DB00456","Prestw-719"
"176","COC1=C(OC)C=C2C(N)=NC(=NC2=C1)N1CCN(CC1)C(=O)C1=CC=CO1","DB00457","Prestw-947"
"177","CN(C)CCCN1C2=CC=CC=C2CCC2=CC=CC=C12","DB00458","Prestw-72"
"178","COC1=C(C)C(C)=C(\C=C\C(\C)=C\C=C\C(\C)=C\C(O)=O)C(C)=C1","DB00459","Prestw-1165"
"179","COC(=O)CCC1=C2NC(\C=C3/N=C(/C=C4\N\C(=C/C5=N/C(=C\2)/C(CCC(O)=O)=C5C)C(C=C)=C4C)C2=CC=C([C@@H](C(=O)OC)[C@@]32C)C(=O)OC)=C1C","DB00460","Prestw-1105"
"180","COC1=CC2=C(C=C1)C=C(CCC(C)=O)C=C2","DB00461","Prestw-909"
"181","OC(=O)C1CCN2C1=CC=C2C(=O)C1=CC=CC=C1","DB00465","Prestw-929"
"182","CCN1C=C(C(O)=O)C(=O)C2=CC(F)=C(N=C12)N1CCNCC1","DB00467","Prestw-1401"
"183","CN1C(C(=O)NC2=CC=CC=N2)=C(O)C2=C(C=CS2)S1(=O)=O","DB00469","Prestw-527"
"184","OC(=O)CC1(CC1)CS[C@H](CCC1=CC=CC=C1C(O)(C)C)C1=CC=CC(\C=C\C2=NC3=C(C=CC(Cl)=C3)C=C2)=C1","DB00471","Prestw-1189"
"185","CNCCC(OC1=CC=C(C=C1)C(F)(F)F)C1=CC=CC=C1","DB00472","Prestw-511"
"186","CC(CNC1CCCCC1)OC(=O)C1=CC=CC=C1","DB00473","Prestw-788"
"187","CN(C)CCCN1C2=CC=CC=C2SC2=C1C=C(Cl)C=C2","DB00477","Prestw-64"
"188","CC(N)C12CC3CC(CC(C3)C1)C2","DB00478","Prestw-1331"
"189","NCC[C@H](O)C(=O)N[C@@H]1C[C@H](N)[C@@H](O[C@H]2O[C@H](CN)[C@@H](O)[C@H](O)[C@H]2O)[C@H](O)[C@H]1O[C@H]1O[C@H](CO)[C@@H](O)[C@H](N)[C@H]1O","DB00479","Prestw-395"
"190","OC1=CC=C(C=C1)C1=C(C(=O)C2=CC=C(OCCN3CCCCC3)C=C2)C2=C(S1)C=C(O)C=C2","DB00481","Prestw-862"
"191","CC1=CC=C(C=C1)C1=CC(=NN1C1=CC=C(C=C1)S(N)(=O)=O)C(F)(F)F","DB00482","Prestw-1371"
"192","[I-].[I-].[I-].CC[N+](CC)(CC)CCOC1=CC=CC(OCC[N+](CC)(CC)CC)=C1OCC[N+](CC)(CC)CC","DB00483","Prestw-157"
"193","[H][C@]12SC(C)(C)[C@@H](N1C(=O)[C@H]2NC(=O)C1=C(C)ON=C1C1=C(Cl)C=CC=C1Cl)C(O)=O","DB00485","Prestw-450"
"194","CCN1C=C(C(O)=O)C(=O)C2=CC(F)=C(C=C12)N1CCN(C)CC1","DB00487","Prestw-1303"
"195","CN(C)C1=NC(=NC(=N1)N(C)C)N(C)C","DB00488","Prestw-946"
"196","CC(C)NCC(O)C1=CC=C(NS(C)(=O)=O)C=C1","DB00489","Prestw-966"
"197","O=C1CC2(CCCC2)CC(=O)N1CCCCN1CCN(CC1)C1=NC=CC=N1","DB00490","Prestw-1283"
"198","OCCN1C[C@H](O)[C@@H](O)[C@H](O)[C@H]1CO","DB00491","Prestw-1169"
"199","CCC(=O)O[C@@H](O[P@](=O)(CCCCC1=CC=CC=C1)CC(=O)N1C[C@@H](C[C@H]1C(O)=O)C1CCCCC1)C(C)C","DB00492","Prestw-1423"
"200","[H][C@]12SCC(COC(C)=O)=C(N1C(=O)[C@H]2NC(=O)C(=N/OC)\C1=CSC(N)=N1)C(O)=O","DB00493","Prestw-139"
"201","CCN(CC)C(=O)C(=C\C1=CC(=C(O)C(O)=C1)[N+]([O-])=O)\C#N","DB00494","Prestw-1403"
"202","CC1=CN([C@H]2C[C@H](N=[N+]=[N-])[C@@H](CO)O2)C(=O)NC1=O","DB00495","Prestw-333"
"203","NC(=O)C([C@@H]1CCN(CCC2=CC3=C(OCC3)C=C2)C1)(C1=CC=CC=C1)C1=CC=CC=C1","DB00496","Prestw-1514"
"204","O=C1C(C(=O)C2=CC=CC=C12)C1=CC=CC=C1","DB00498","Prestw-538"
"205","CC(C)C(=O)NC1=CC(=C(C=C1)[N+]([O-])=O)C(F)(F)F","DB00499","Prestw-180"
"206","CN1C(CC(O)=O)=CC=C1C(=O)C1=CC=C(C)C=C1","DB00500","Prestw-856"
"207","CN\C(NCCSCC1=C(C)NC=N1)=N\C#N","DB00501","Prestw-26"
"208","OC1(CCN(CCCC(=O)C2=CC=C(F)C=C2)CC1)C1=CC=C(Cl)C=C1","DB00502","Prestw-115"
"209","CC[N+](CC)(CC)CCC(O)(C1CCCCC1)C1=CC=CC=C1","DB00505","Prestw-1042"
"210","CN(C)CCCN1C2=CC=CC=C2SC2=C1C=C(C=C2)C(F)(F)F","DB00508","Prestw-53"
"211","CN[C@H](CC(C)C)C(=O)N[C@@H]1[C@H](O)C2=CC=C(OC3=C(O[C@@H]4O[C@H](CO)[C@@H](O)[C@H](O)[C@H]4O[C@H]4C[C@](C)(N)[C@H](O)[C@H](C)O4)C4=CC(=C3)[C@@H](NC(=O)[C@H](CC(N)=O)NC1=O)C(=O)N[C@@H]1C3=CC(=C(O)C=C3)C3=C(O)C=C(O)C=C3[C@H](NC(=O)[C@@H](NC1=O)[C@H](O)C1=CC(Cl)=C(O4)C=C1)C(O)=O)C(Cl)=C2","DB00512","Prestw-497"
"212","NCCCCCC(O)=O","DB00513","Prestw-960"
"213","[H][C@]12CC3=C(C=C(OC)C=C3)[C@@]3(CCCC[C@]13[H])CCN2C","DB00514","Prestw-359"
"214","CCCSC1=CC2=C(C=C1)N=C(NC(=O)OC)N2","DB00518","Prestw-247"
"215","CC(C)(C)NCC(O)COC1=CC=CC2=C1CCC(=O)N2","DB00521","Prestw-446"
"216","CC1NC2=CC(Cl)=C(C=C2C(=O)N1C1=CC=CC=C1C)S(N)(=O)=O","DB00524","Prestw-112"
"217","CN(C(=S)OC1=CC2=CC=CC=C2C=C1)C1=CC=CC(C)=C1","DB00525","Prestw-70"
"218","CCCCOC1=NC2=CC=CC=C2C(=C1)C(=O)NCCN(CC)CC","DB00527","Prestw-76"
"219","COCCOC1=CC2=C(C=C1OCCOC)C(NC1=CC(=CC=C1)C#C)=NC=N2","DB00530","Prestw-1242"
"220","ClCCN(CCCl)P1(=O)NCCCO1","DB00531","Prestw-1481"
"221","CCC1(NC(=O)N(C)C1=O)C1=CC=CC=C1","DB00532","Prestw-1108"
"222","CS(=O)(=O)C1=CC=C(C=C1)C1=C(C(=O)OC1)C1=CC=CC=C1","DB00533","Prestw-1336"
"223","[H][C@]12SCC(C=C)=C(N1C(=O)[C@H]2NC(=O)C(=N/O)\C1=CSC(N)=N1)C(O)=O","DB00535","Prestw-1263"
"224","OC(=O)C1=CN(C2CC2)C2=CC(N3CCNCC3)=C(F)C=C2C1=O","DB00537","Prestw-113"
"225","CN(C)CCOC1=CC=C(C=C1)C(=C(\CCCl)C1=CC=CC=C1)\C1=CC=CC=C1","DB00539","Prestw-1197"
"226","CNCCC=C1C2=CC=CC=C2CCC2=CC=CC=C12","DB00540","Prestw-254"
"227","[H][C@@]1(CCC2=CC=CC=C2N(CC(O)=O)C1=O)N[C@@H](CCC1=CC=CC=C1)C(=O)OCC","DB00542","Prestw-1129"
"228","ClC1=CC2=C(OC3=CC=CC=C3N=C2N2CCNCC2)C=C1","DB00543","Prestw-102"
"229","FC1=CNC(=O)NC1=O","DB00544","Prestw-1203"
"230","CN(C)C(=O)OC1=C[N+](C)=CC=C1","DB00545","Prestw-1322"
"231","COC1=CC(=CC=C1CC1=CN(C)C2=C1C=C(NC(=O)OC1CCCC1)C=C2)C(=O)NS(=O)(=O)C1=CC=CC=C1C","DB00549","Prestw-1364"
"232","CCCC1=CC(=O)NC(=S)N1","DB00550","Prestw-494"
"233","CN1C(C(=O)NC2=NC=CC=C2)=C(O)C2=C(C=CC=C2)S1(=O)=O","DB00554","Prestw-211"
"234","NC1=NC(N)=C(N=N1)C1=C(Cl)C(Cl)=CC=C1","DB00555","Prestw-1492"
"235","OCCOCCN1CCN(CC1)C(C1=CC=CC=C1)C1=CC=C(Cl)C=C1","DB00557","Prestw-133"
"236","COC1=CC=CC=C1OC1=C(NS(=O)(=O)C2=CC=C(C=C2)C(C)(C)C)N=C(N=C1OCCO)C1=NC=CC=N1","DB00559","Prestw-1244"
"237","NS(=O)(=O)C1=CC2=C(C=C1Cl)N=C(CSCC1=CC=CC=C1)NS2(=O)=O","DB00562","Prestw-824"
"238","CN(CC1=CN=C2N=C(N)N=C(N)C2=N1)C1=CC=C(C=C1)C(=O)N[C@@H](CCC(O)=O)C(O)=O","DB00563","Prestw-135"
"239","NC(=O)N1C2=CC=CC=C2C=CC2=CC=CC=C12","DB00564","Prestw-52"
"240","C(C=CC1=CC=CC=C1)N1CCN(CC1)C(C1=CC=CC=C1)C1=CC=CC=C1","DB00568","Prestw-278"
"241","CC(C)NCC(O)COC1=CC=CC2=C1C=CC=C2","DB00571","Prestw-1081"
"242","CN1[C@H]2CC[C@@H]1C[C@@H](C2)OC(=O)C(CO)C1=CC=CC=C1","DB00572","Prestw-565"
"243","CC(C(O)=O)C1=CC(OC2=CC=CC=C2)=CC=C1","DB00573","Prestw-754"
"244","ClC1=CC=CC(Cl)=C1NC1=NCCN1","DB00575","Prestw-248"
"245","CC1=NN=C(NS(=O)(=O)C2=CC=C(N)C=C2)S1","DB00576","Prestw-742"
"246","CC(C)[C@H](N)C(=O)OCCOCN1C=NC2=C1NC(N)=NC2=O","DB00577","Prestw-1505"
"247","C[C@@H](C1=NC=NC=C1F)[C@](O)(CN1C=NC=N1)C1=C(F)C=C(F)C=C1","DB00582","Prestw-1500"
"248","CCOC(=O)[C@H](CCC1=CC=CC=C1)N[C@@H](C)C(=O)N1CCC[C@H]1C(O)=O","DB00584","Prestw-314"
"249","CNC(NCCSCC1=CSC(CN(C)C)=N1)=C[N+]([O-])=O","DB00585","Prestw-921"
"250","OC(=O)CC1=CC=CC=C1NC1=C(Cl)C=CC=C1Cl","DB00586","Prestw-594"
"251","COC1=C(OC)C=C2C(N)=NC(=NC2=C1)N1CCN(CC1)C(=O)C1COC2=CC=CC=C2O1","DB00590","Prestw-858"
"252","[H][C@@]12C[C@@]3([H])[C@]4([H])C[C@H](F)C5=CC(=O)C=C[C@]5(C)[C@@]4(F)[C@@H](O)C[C@]3(C)[C@@]1(OC(C)(C)O2)C(=O)CO","DB00591","Prestw-1419"
"253","CCC1(C)CC(=O)NC1=O","DB00593","Prestw-165"
"254","NC(=N)NC(=O)C1=NC(Cl)=C(N)N=C1N","DB00594","Prestw-7"
"255","[H][C@@]12[C@@H](O)[C@@]3([H])C(C(=O)C4=C(C=CC=C4O)[C@@]3(C)O)=C(O)[C@]1(O)C(=O)C(C(N)=O)=C(O)[C@H]2N(C)C","DB00595","Prestw-307"
"256","CC(CCC1=CC=CC=C1)NCC(O)C1=CC(C(N)=O)=C(O)C=C1","DB00598","Prestw-277"
"257","OC1=CC=C(OCC2=CC=CC=C2)C=C1","DB00600","Prestw-912"
"258","CC(=O)NC[C@H]1CN(C(=O)O1)C1=CC(F)=C(C=C1)N1CCOCC1","DB00601","Prestw-1429"
"259","CO[C@H]1CN(CCCOC2=CC=C(F)C=C2)CC[C@H]1NC(=O)C1=CC(Cl)=C(N)C=C1OC","DB00604","Prestw-430"
"260","CC1=C(CC(O)=O)C2=CC(F)=CC=C2\C1=C/C1=CC=C(C=C1)S(C)=O","DB00605","Prestw-73"
"261","[H][C@]12SC(C)(C)[C@@H](N1C(=O)[C@H]2NC(=O)C1=C(OCC)C=CC2=CC=CC=C12)C(O)=O","DB00607","Prestw-843"
"262","CCN(CC)CCCC(C)NC1=C2C=CC(Cl)=CC2=NC=C1","DB00608","Prestw-548"
"263","CCC1=NC=CC(=C1)C(N)=S","DB00609","Prestw-526"
"264","C[C@H](N)[C@H](O)C1=CC(O)=CC=C1","DB00610","Prestw-197"
"265","CC(C)NCC(O)COC1=CC=C(COCCOC(C)C)C=C1","DB00612","Prestw-330"
"266","CCN(CC)CC1=C(O)C=CC(NC2=C3C=CC(Cl)=CC3=NC=C2)=C1","DB00613","Prestw-309"
"267","[H]C(=NN1CCOC1=O)C1=CC=C(O1)[N+]([O-])=O","DB00614","Prestw-808"
"268","CO[C@H]1\C=C\O[C@@]2(C)OC3=C(C2=O)C2=C(C(O)=C3C)C(=O)C(NC(=O)\C(C)=C/C=C/[C@H](C)[C@H](O)[C@@H](C)[C@@H](O)[C@@H](C)[C@H](OC(C)=O)[C@@H]1C)=C1NC3(CCN(CC3)CC(C)C)N=C21","DB00615","Prestw-1109"
"269","[H][C@]12C[C@@]3([H])[C@H](N(C)C)C(O)=C(C(N)=O)C(=O)[C@@]3(O)C(O)=C1C(=O)C1=C([C@H]2O)C(Cl)=CC=C1O","DB00618","Prestw-753"
"270","CN1CCN(CC2=CC=C(C=C2)C(=O)NC2=CC(NC3=NC=CC(=N3)C3=CN=CC=C3)=C(C)C=C2)CC1","DB00619","Prestw-1290"
"271","[H][C@@]12C[C@@H](O)[C@](O)(C(=O)CO)[C@@]1(C)C[C@H](O)[C@@]1(F)[C@@]2([H])CCC2=CC(=O)C=C[C@]12C","DB00620","Prestw-120"
"272","[H][C@@]12CC[C@](C)(O)[C@@]1(C)CC[C@@]1([H])[C@@]2([H])CC[C@@]2([H])CC(=O)OC[C@]12C","DB00621","Prestw-1192"
"273","COC(=O)C1=C(C)NC(C)=C(C1C1=CC(=CC=C1)[N+]([O-])=O)C(=O)OCCN(C)CC1=CC=CC=C1","DB00622","Prestw-383"
"274","OCCN1CCN(CCCN2C3=CC=CC=C3SC3=C2C=C(C=C3)C(F)(F)F)CC1","DB00623","Prestw-320"
"275","[H][C@@]12CC[C@H](O)[C@@]1(C)CC[C@@]1([H])[C@@]2([H])CCC2=CC(=O)CC[C@]12C","DB00624","Prestw-401"
"276","FC(F)(F)[C@]1(OC(=O)NC2=C1C=C(Cl)C=C2)C#CC1CC1","DB00625","Prestw-1400"
"277","CC[C@H](C)[C@H](N)C1=N[C@@H](CS1)C(=O)N[C@@H](CC(C)C)C(=O)N[C@H](CCC(O)=O)C(=O)N[C@@H]([C@@H](C)CC)C(=O)N[C@H]1CCCCNC(=O)[C@H](CC(N)=O)NC(=O)[C@@H](CC(O)=O)NC(=O)[C@H](CC2=CNC=N2)NC(=O)[C@@H](CC2=CC=CC=C2)NC(=O)[C@@H](NC(=O)[C@@H](CCCN)NC1=O)[C@@H](C)CC","DB00626","Prestw-919"
"278","OC(=O)C1=CN=CC=C1","DB00627","Prestw-881"
"279","NC(N)=NN=CC1=C(Cl)C=CC=C1Cl","DB00629","Prestw-96"
"280","NCCCC(O)(P(O)(O)=O)P(O)(O)=O","DB00630","Prestw-1210"
"281","CC(=O)NS(=O)(=O)C1=CC=C(N)C=C1","DB00634","Prestw-14"
"282","[H][C@@]12CC[C@](O)(C(=O)CO)[C@@]1(C)CC(=O)[C@@]1([H])[C@@]2([H])CCC2=CC(=O)C=C[C@]12C","DB00635","Prestw-77"
"283","CCOC(=O)C(C)(C)OC1=CC=C(Cl)C=C1","DB00636","Prestw-1383"
"284","COC1=CC=C(CCN2CCC(CC2)NC2=NC3=CC=CC=C3N2CC2=CC=C(F)C=C2)C=C1","DB00637","Prestw-136"
"285","ClC1=CC=C(CCC(CN2C=CN=C2)SC2=C(Cl)C=CC=C2Cl)C=C1","DB00639","Prestw-408"
"286","[H][C@]12[C@H](C[C@@H](C)C=C1C=C[C@H](C)[C@@H]2CC[C@@H]1C[C@@H](O)CC(=O)O1)OC(=O)C(C)(C)CC","DB00641","Prestw-865"
"287","COC(=O)NC1=NC2=C(N1)C=C(C=C2)C(=O)C1=CC=CC=C1","DB00643","Prestw-217"
"288","CCCCOC1=CC=C(C=C1)C(=O)CCN1CCCCC1","DB00645","Prestw-264"
"289","C[C@H]1O[C@H](OC2CC3O[C@@](O)(CC(O)C3C(O)=O)CC(O)C(O)CCC(O)CC(O)CC(O)CC(=O)O[C@@H](C)[C@H](C)[C@H](O)[C@@H](C)\C=C\C=C\CC\C=C\C=C\C=C\C=C\2)[C@@H](O)[C@@H](N)[C@@H]1O","DB00646","Prestw-517"
"290","ClC(Cl)C(C1=CC=C(Cl)C=C1)C1=CC=CC=C1Cl","DB00648","Prestw-1444"
"291","CC1=CN([C@@H]2O[C@H](CO)C=C2)C(=O)NC1=O","DB00649","Prestw-1279"
"292","[H]C(=O)N1C(CNC2=CC=C(C=C2)C(=O)N[C@@H](CCC(O)=O)C(O)=O)CNC2=C1C(=O)NC(N)=N2","DB00650","Prestw-738"
"293","CN1C2=C(N(CC(O)CO)C=N2)C(=O)N(C)C1=O","DB00651","Prestw-33"
"294","[H][C@@]12CCC(=O)[C@@]1(C)CC[C@]1([H])C3=C(CC[C@@]21[H])C=C(O)C=C3","DB00655","Prestw-914"
"295","ClC1=CC=CC(=C1)N1CCN(CCCN2N=C3C=CC=CN3C2=O)CC1","DB00656","Prestw-292"
"296","CNC1(C)C2CCC(C2)C1(C)C","DB00657","Prestw-1111"
"297","CC(=O)NCCCS(O)(=O)=O","DB00659","Prestw-1502"
"298","COC1=C(OC)C=C(CCN(C)CCCC(C#N)(C(C)C)C2=CC(OC)=C(OC)C=C2)C=C1","DB00661","Prestw-141"
"299","COC1=CC(=CC(OC)=C1OC)C(=O)NCC1=CC=C(OCCN(C)C)C=C1","DB00662","Prestw-80"
"300","[H][C@@]12C[C@@H](C)[C@](O)(C(=O)CO)[C@@]1(C)C[C@H](O)[C@@]1(F)[C@@]2([H])C[C@H](F)C2=CC(=O)C=C[C@]12C","DB00663","Prestw-734"
"301","CC1(C)NC(=O)N(C1=O)C1=CC(=C(C=C1)[N+]([O-])=O)C(F)(F)F","DB00665","Prestw-928"
"302","CNC[C@H](O)C1=CC(O)=C(O)C=C1","DB00668","Prestw-1480"
"303","CNS(=O)(=O)CC1=CC2=C(NC=C2CCN(C)C)C=C1","DB00669","Prestw-1346"
"304","CN1CCN(CC(=O)N2C3=CC=CC=C3C(=O)NC3=C2N=CC=C3)CC1","DB00670","Prestw-129"
"305","[H][C@]12SCC(C=C)=C(N1C(=O)[C@H]2NC(=O)C(=N/OCC(O)=O)\C1=CSC(N)=N1)C(O)=O","DB00671","Prestw-462"
"306","CCCNC(=O)NS(=O)(=O)C1=CC=C(Cl)C=C1","DB00672","Prestw-323"
"307","C[C@@H](O[C@H]1OCCN(CC2=NNC(=O)N2)[C@H]1C1=CC=C(F)C=C1)C1=CC(=CC(=C1)C(F)(F)F)C(F)(F)F","DB00673","Prestw-1600"
"308","[H][C@]12C[C@@H](O)C=C[C@]11CCN(C)CC3=C1C(O2)=C(OC)C=C3","DB00674","Prestw-588"
"309","CC\C(=C(/C1=CC=CC=C1)C1=CC=C(OCCN(C)C)C=C1)C1=CC=CC=C1","DB00675","Prestw-146"
"310","CCCCC1=NC(Cl)=C(CO)N1CC1=CC=C(C=C1)C1=CC=CC=C1C1=NNN=N1","DB00678","Prestw-1433"
"311","CSC1=CC2=C(SC3=CC=CC=C3N2CCC2CCCCN2C)C=C1","DB00679","Prestw-78"
"312","CCOC(=O)NC1=CC2=C(SC3=CC=CC=C3N2C(=O)CCN2CCOCC2)C=C1","DB00680","Prestw-1051"
"313","[H][C@]12C[C@@H](O[C@@H]3O[C@H](C)[C@@H](O)[C@H](N)[C@@H]3O)\C=C\C=C\C=C\C=C\C=C\C=C\C=C\[C@H](C)[C@@H](O)[C@@H](C)[C@H](C)OC(=O)C[C@H](O)C[C@H](O)CC[C@@H](O)[C@H](O)C[C@H](O)C[C@](O)(C[C@H](O)[C@H]1C(O)=O)O2","DB00681","Prestw-410"
"314","CC(=O)CC(C1=CC=CC=C1)C1=C(O)C2=C(OC1=O)C=CC=C2","DB00682","Prestw-1363"
"315","NC[C@H]1O[C@H](O[C@@H]2[C@@H](N)C[C@@H](N)[C@H](O[C@H]3O[C@H](CO)[C@@H](O)[C@H](N)[C@H]3O)[C@H]2O)[C@H](N)C[C@@H]1O","DB00684","Prestw-544"
"316","[H][C@@]12CC[C@](O)(C(=O)CO)[C@@]1(C)C[C@H](O)[C@@]1(F)[C@@]2([H])CCC2=CC(=O)CC[C@]12C","DB00687","Prestw-281"
"317","CC1=CC=C(C=C1)N(CC1=NCCN1)C1=CC(O)=CC=C1","DB00692","Prestw-230"
"318","COC1=CC=CC2=C1C(=O)C1=C(O)C3=C(C[C@](O)(C[C@@H]3O[C@H]3C[C@H](N)[C@H](O)[C@H](C)O3)C(C)=O)C(O)=C1C2=O","DB00694","Prestw-487"
"319","NS(=O)(=O)C1=C(Cl)C=C(NCC2=CC=CO2)C(=C1)C(O)=O","DB00695","Prestw-341"
"320","ClC1=C(NC2=NCCN2)C2=NSN=C2C=C1","DB00697","Prestw-1182"
"321","[O-][N+](=O)C1=CC=C(O1)\C=N\N1CC(=O)NC1=O","DB00698","Prestw-168"
"322","[H][C@@]12CC3=CN(C)C4=CC=CC(=C34)[C@]1(C[C@@H](COC(=O)C1=CN=CC(Br)=C1)CN2C)OC","DB00699","Prestw-147"
"323","CN1N=C(SC1=NC(C)=O)S(N)(=O)=O","DB00703","Prestw-802"
"324","[H][C@@]12OC3=C(O)C=CC4=C3[C@@]11CCN(CC3CC3)[C@]([H])(C4)[C@]1(O)CCC2=O","DB00704","Prestw-116"
"325","NC1=NC(=O)N(C=C1)[C@@H]1CS[C@H](CO)O1","DB00709","Prestw-1298"
"326","CCCCCN(C)CCC(O)(P(O)(O)=O)P(O)(O)=O","DB00710","Prestw-1285"
"327","CCN(CC)C(=O)N1CCN(C)CC1","DB00711","Prestw-284"
"328","CC(C(O)=O)C1=CC(F)=C(C=C1)C1=CC=CC=C1","DB00712","Prestw-917"
"329","[H][C@]12SC(C)(C)[C@@H](N1C(=O)[C@H]2NC(=O)C1=C(C)ON=C1C1=CC=CC=C1)C(O)=O","DB00713","Prestw-1475"
"330","[H][C@]12CC3=C(C(O)=C(O)C=C3)C3=CC=CC(CCN1C)=C23","DB00714","Prestw-101"
"331","FC1=CC=C(C=C1)[C@@H]1CCNC[C@H]1COC1=CC2=C(OCO2)C=C1","DB00715","Prestw-851"
"332","[H][C@@]12CC[C@@](O)(C#C)[C@@]1(C)CC[C@]1([H])[C@@]3([H])CCC(=O)C=C3CC[C@@]21[H]","DB00717","Prestw-253"
"333","OP(O)(=O)C(Cl)(Cl)P(O)(O)=O","DB00720","Prestw-1381"
"334","CCN(CC)CCOC(=O)C1=CC=C(N)C=C1","DB00721","Prestw-41"
"335","NCCCC[C@H](N[C@@H](CCC1=CC=CC=C1)C(O)=O)C(=O)N1CCC[C@H]1C(O)=O","DB00722","Prestw-301"
"336","COC1=CC(C(O)C(C)N)=C(OC)C=C1","DB00723","Prestw-535"
"337","CC(C)CN1C=NC2=C1C1=CC=CC=C1N=C2N","DB00724","Prestw-1291"
"338","CC(CN(C)C)CN1C2=CC=CC=C2CCC2=CC=CC=C12","DB00726","Prestw-806"
"339","N1C2=CC=CC=C2N=C1C1=CSC=N1","DB00730","Prestw-524"
"340","C[N+]1=C(\C=N\O)C=CC=C1","DB00733","Prestw-943"
"341","CC1=C(CCN2CCC(CC2)C2=NOC3=C2C=CC(F)=C3)C(=O)N2CCCCC2=N1","DB00734","Prestw-1029"
"342","CN(CC=CC1=CC=CC=C1)CC1=CC=CC2=CC=CC=C12","DB00735","Prestw-1063"
"343","CC1=CC(CN2CCN(CC2)C(C2=CC=CC=C2)C2=CC=C(Cl)C=C2)=CC=C1","DB00737","Prestw-457"
"344","NC(=N)C1=CC=C(OCCCCCOC2=CC=C(C=C2)C(N)=N)C=C1","DB00738","Prestw-553"
"345","NC1=NC2=C(S1)C=C(OC(F)(F)F)C=C2","DB00740","Prestw-167"
"346","[H][C@@]12CC[C@](O)(C(=O)CO)[C@@]1(C)C[C@H](O)[C@@]1([H])[C@@]2([H])CCC2=CC(=O)CC[C@]12C","DB00741","Prestw-447"
"347","CC(N(O)C(N)=O)C1=CC2=CC=CC=C2S1","DB00744","Prestw-1365"
"348","NC(=O)CS(=O)C(C1=CC=CC=C1)C1=CC=CC=C1","DB00745","Prestw-1147"
"349","CC(=O)N(O)CCCCCNC(=O)CCC(=O)N(O)CCCCCNC(=O)CCC(=O)N(O)CCCCCN","DB00746","Prestw-725"
"350","CN1[C@H]2C[C@@H](C[C@@H]1[C@H]1O[C@@H]21)OC(=O)[C@H](CO)C1=CC=CC=C1","DB00747","Prestw-877"
"351","CN(C)CCOC(C1=CC=C(Cl)C=C1)C1=CC=CC=N1","DB00748","Prestw-801"
"352","CCC1=C2NC3=C(CCOC3(CC)CC(O)=O)C2=CC=C1","DB00749","Prestw-231"
"353","CCCNC(C)C(=O)NC1=CC=CC=C1C","DB00750","Prestw-199"
"354","NC1CC1C1=CC=CC=C1","DB00752","Prestw-173"
"355","CCN1C(=O)NC(C1=O)C1=CC=CC=C1","DB00754","Prestw-696"
"356","C\C(\C=C\C1=C(C)CCCC1(C)C)=C/C=C/C(/C)=C/C(O)=O","DB00755","Prestw-257"
"357","OC1=C(CC2=C(O)C(Cl)=CC(Cl)=C2Cl)C(Cl)=C(Cl)C=C1Cl","DB00756","Prestw-1472"
"358","[H][C@@]1(C[C@@]2([H])C[C@]3([H])C[C@@]([H])(C1)N2CC3=O)OC(=O)C1=CNC2=C1C=CC=C2","DB00757","Prestw-1510"
"359","[H][C@@]12C[C@@]3([H])C(=C(O)[C@]1(O)C(=O)C(C(N)=O)=C(O)[C@H]2N(C)C)C(=O)C1=C(O)C=CC=C1[C@@]3(C)O","DB00759","Prestw-140"
"360","[H][C@]1([C@@H](C)O)C(=O)N2C(C(O)=O)=C(S[C@@H]3CN[C@@H](C3)C(=O)N(C)C)[C@H](C)[C@]12[H]","DB00760","Prestw-1106"
"361","CCC1=C2CN3C(=CC4=C(COC(=O)[C@]4(O)CC)C3=O)C2=NC2=CC=C(OC(=O)N3CCC(CC3)N3CCCCC3)C=C12","DB00762","Prestw-1494"
"362","CN1C=CNC1=S","DB00763","Prestw-786"
"363","[H][C@@]12C[C@@H](C)[C@](O)(C(=O)CCl)[C@@]1(C)C[C@H](O)[C@@]1(Cl)[C@@]2([H])CCC2=CC(=O)C=C[C@]12C","DB00764","Prestw-572"
"364","[H][C@@]12CC(=O)N1[C@@H](C(O)=O)\C(O2)=C\CO","DB00766","Prestw-1315"
"365","CN(C)CC\C=C1\C2=CC=CC=C2COC2=C1C=C(CC(O)=O)C=C2","DB00768","Prestw-1307"
"366","CCCCC[C@H](O)\C=C\[C@H]1[C@H](O)CC(=O)[C@@H]1CCCCCCC(O)=O","DB00770","Prestw-1018"
"367","C[N@@+]12CC[C@@H](CC1)C(C2)OC(=O)C(O)(C1=CC=CC=C1)C1=CC=CC=C1","DB00771","Prestw-822"
"368","[H][C@]12COC(=O)[C@]1([H])[C@H](C1=CC(OC)=C(O)C(OC)=C1)C1=CC3=C(OCO3)C=C1[C@H]2O[C@@H]1O[C@]2([H])CO[C@@H](C)O[C@@]2([H])[C@H](O)[C@H]1O","DB00773","Prestw-396"
"369","NS(=O)(=O)C1=CC2=C(NCNS2(=O)=O)C=C1C(F)(F)F","DB00774","Prestw-13"
"370","NC(=O)N1C2=CC=CC=C2CC(=O)C2=C1C=CC=C2","DB00776","Prestw-1156"
"371","CC[C@H]1OC(=O)[C@H](C)[C@@H](O[C@H]2C[C@@](C)(OC)[C@@H](O)[C@H](C)O2)[C@H](C)[C@@H](O[C@@H]2O[C@H](C)C[C@@H]([C@H]2O)N(C)C)[C@](C)(O)C[C@@H](C)C(=NOCOCCOC)[C@H](C)[C@@H](O)[C@]1(C)O","DB00778","Prestw-854"
"372","CCN1C=C(C(O)=O)C(=O)C2=C1N=C(C)C=C2","DB00779","Prestw-1447"
"373","NNCCC1=CC=CC=C1","DB00780","Prestw-170"
"374","CC(C)[N+](C)(CCOC(=O)C1C2=CC=CC=C2OC2=CC=CC=C12)C(C)C","DB00782","Prestw-827"
"375","[H][C@@]12CC[C@H](O)[C@@]1(C)CC[C@]1([H])C3=C(CC[C@@]21[H])C=C(O)C=C3","DB00783","Prestw-441"
"376","CC1=C(C)C(NC2=CC=CC=C2C(O)=O)=CC=C1","DB00784","Prestw-54"
"377","NC1=NC(=O)C2=C(N1)N(COCCO)C=N2","DB00787","Prestw-86"
"378","COC1=CC2=C(C=C1)C=C(C=C2)[C@H](C)C(O)=O","DB00788","Prestw-45"
"379","[H][C@]12C[C@H](N(C(=O)[C@H](C)N[C@@H](CCC)C(=O)OCC)[C@@]1([H])CCCC2)C(O)=O","DB00790","Prestw-1101"
"380","CN(C)CCN(CC1=CC=CC=C1)C1=CC=CC=N1","DB00792","Prestw-1199"
"381","ClC1=CC(Cl)=C(Cl)C=C1OCC#CI","DB00793","Prestw-1269"
"382","CCC1(C(=O)NCNC1=O)C1=CC=CC=C1","DB00794","Prestw-933"
"383","OC(=O)C1=CC(=CC=C1O)\N=N\C1=CC=C(C=C1)S(=O)(=O)NC1=NC=CC=C1","DB00795","Prestw-520"
"384","C(C1=NCCN1)C1=CC=CC=C1","DB00797","Prestw-60"
"385","CNC(C)C1CCC(N)C(OC2C(N)CC(N)C(OC3OCC(C)(O)C(NC)C3O)C2O)O1","DB00798","Prestw-160"
"386","CCC(C)CCCC(=O)N[C@@H](CCN)C(=O)N[C@@H]([C@@H](C)O)C(=O)N[C@@H](CCN)C(=O)N[C@H]1CCNC(=O)C(NC(=O)[C@@H](CCN)NC(=O)[C@H](CCN)NC(=O)[C@@H](CC(C)C)NC(=O)[C@@H](CC(C)C)NC(=O)[C@H](CCN)NC1=O)[C@@H](C)O","DB00803","Prestw-486"
"387","CCN(CC)CCOC(=O)C1(CCCCC1)C1CCCCC1","DB00804","Prestw-48"
"388","CC1=CC(=NN=C1NCCN1CCOCC1)C1=CC=CC=C1","DB00805","Prestw-66"
"389","CN1C=NC2=C1C(=O)N(CCCCC(C)=O)C(=O)N2C","DB00806","Prestw-196"
"390","CCCOC1=C(N)C=C(C=C1)C(=O)OCCN(CC)CC","DB00807","Prestw-959"
"391","CC1CC2=CC=CC=C2N1NC(=O)C1=CC(=C(Cl)C=C1)S(N)(=O)=O","DB00808","Prestw-220"
"392","CCN(CC1=CC=NC=C1)C(=O)C(CO)C1=CC=CC=C1","DB00809","Prestw-228"
"393","OC(CCN1CCCCC1)(C1CC2CC1C=C2)C1=CC=CC=C1","DB00810","Prestw-502"
"394","NC(=O)C1=NN(C=N1)[C@@H]1O[C@H](CO)[C@@H](O)[C@H]1O","DB00811","Prestw-993"
"395","CCCCC1C(=O)N(N(C1=O)C1=CC=CC=C1)C1=CC=CC=C1","DB00812","Prestw-1310"
"396","CN1C(C(=O)NC2=NC=C(C)S2)=C(O)C2=C(C=CC=C2)S1(=O)=O","DB00814","Prestw-369"
"397","CC(C)NCC(O)C1=CC(O)=CC(O)=C1","DB00816","Prestw-505"
"398","CC(C)C1=CC=CC(C(C)C)=C1O","DB00818","Prestw-931"
"399","CC(=O)NC1=NN=C(S1)S(N)(=O)=O","DB00819","Prestw-3"
"400","CC(C(O)=O)C1=CC2=C(C=C1)C1=C(N2)C=CC(Cl)=C1","DB00821","Prestw-1261"
"401","CCN(CC)C(=S)SSC(=S)N(CC)CC","DB00822","Prestw-97"
"402","CCN1N=C(C(O)=O)C(=O)C2=CC3=C(OCO3)C=C12","DB00827","Prestw-780"
"403","CN1CCN(CCCN2C3=CC=CC=C3SC3=C2C=C(C=C3)C(F)(F)F)CC1","DB00831","Prestw-313"
"404","CN1C(=O)CC(C1=O)C1=CC=CC=C1","DB00832","Prestw-1061"
"405","[H][C@]12SCC(Cl)=C(N1C(=O)[C@H]2NC(=O)[C@H](N)C1=CC=CC=C1)C(O)=O","DB00833","Prestw-485"
"406","[H][C@@]12CC[C@@](O)(C#CC)[C@@]1(C)C[C@H](C1=CC=C(C=C1)N(C)C)C1=C3CCC(=O)C=C3CC[C@@]21[H]","DB00834","Prestw-299"
"407","CN(C)CCC(C1=CC=C(Br)C=C1)C1=CC=CC=N1","DB00835","Prestw-475"
"408","CN(C)C(=O)C(CCN1CCC(O)(CC1)C1=CC=C(Cl)C=C1)(C1=CC=CC=C1)C1=CC=CC=C1","DB00836","Prestw-144"
"409","[H][C@@]12C[C@@H](C)[C@H](C(=O)CO)[C@@]1(C)C[C@H](O)[C@@]1(Cl)[C@@]2([H])C[C@H](F)C2=CC(=O)C=C[C@]12C","DB00838","Prestw-1119"
"410","CC1=CC=C(C=C1)S(=O)(=O)NC(=O)NN1CCCCCC1","DB00839","Prestw-554"
"411","CC(CCC1=CC=C(O)C=C1)NCCC1=CC(O)=C(O)C=C1","DB00841","Prestw-352"
"412","O[C@H]1CC[C@@]2(O)[C@H]3CC4=CC=C(O)C5=C4[C@@]2(CCN3CC2CCC2)[C@H]1O5","DB00844","Prestw-118"
"413","CC(C)N=C1C=C2N(C3=CC=C(Cl)C=C3)C3=C(C=CC=C3)N=C2C=C1NC1=CC=C(Cl)C=C1","DB00845","Prestw-376"
"414","CC1(C)O[C@@H]2C[C@H]3[C@@H]4C[C@H](F)C5=CC(=O)CC[C@]5(C)[C@H]4[C@@H](O)C[C@]3(C)[C@@]2(O1)C(=O)CO","DB00846","Prestw-645"
"415","C1CN2C[C@@H](N=C2S1)C1=CC=CC=C1","DB00848","Prestw-182"
"416","OCCN1CCN(CCCN2C3=CC=CC=C3SC3=C2C=C(Cl)C=C3)CC1","DB00850","Prestw-125"
"417","CN(C)\N=N\C1=C(N=CN1)C(N)=O","DB00851","Prestw-574"
"418","CN1N=NC2=C(N=CN2C1=O)C(N)=O","DB00853","Prestw-1183"
"419","OCC(O)COC1=CC=C(Cl)C=C1","DB00856","Prestw-234"
"420","[H][C@](N)(C(O)=O)C(C)(C)S","DB00859","Prestw-1477"
"421","[H][C@@]12CC[C@](O)(C(=O)CO)[C@@]1(C)C[C@H](O)[C@@]1([H])[C@@]2([H])CCC2=CC(=O)C=C[C@]12C","DB00860","Prestw-274"
"422","OC(=O)C1=C(O)C=CC(=C1)C1=C(F)C=C(F)C=C1","DB00861","Prestw-39"
"423","CCCC1=NC(C)=C2N1NC(=NC2=O)C1=C(OCC)C=CC(=C1)S(=O)(=O)N1CCN(CC)CC1","DB00862","Prestw-1356"
"424","CNC(NCCSCC1=CC=C(CN(C)C)O1)=C[N+]([O-])=O","DB00863","Prestw-201"
"425","CC(C)NCC(O)COC1=CC=CC=C1CC=C","DB00866","Prestw-250"
"426","C[C@H](NCCC1=CC=C(O)C=C1)[C@H](O)C1=CC=C(O)C=C1","DB00867","Prestw-349"
"427","CCCCNC1=CC=C(C=C1)C(=O)OCCOCCOCCOCCOCCOCCOCCOCCOCCOC","DB00868","Prestw-12"
"428","CCN[C@H]1C[C@H](C)S(=O)(=O)C2=C1C=C(S2)S(N)(=O)=O","DB00869","Prestw-1116"
"429","CC(C(O)=O)C1=CC=C(C=C1)C(=O)C1=CC=CS1","DB00870","Prestw-816"
"430","CC(C)(C)NCC(O)C1=CC(O)=CC(O)=C1","DB00871","Prestw-391"
"431","COC1=CC=CC=C1OCC(O)CO","DB00874","Prestw-776"
"432","ClC1=CC=C(NC(=N)NC(=N)NCCCCCCNC(=N)NC(=N)NC2=CC=C(Cl)C=C2)C=C1","DB00878","Prestw-143"
"433","NC1=NC(=O)N(C=C1F)[C@@H]1CS[C@H](CO)O1","DB00879","Prestw-1604"
"434","NS(=O)(=O)C1=C(Cl)C=C2NC=NS(=O)(=O)C2=C1","DB00880","Prestw-251"
"435","CCOC(=O)[C@H](CCC1=CC=CC=C1)N[C@@H](C)C(=O)N1CC2=CC=CC=C2C[C@H]1C(O)=O","DB00881","Prestw-927"
"436","CCN(CC)CCOC1=CC=C(C=C1)C(=C(Cl)C1=CC=CC=C1)C1=CC=CC=C1","DB00882","Prestw-397"
"437","[H][C@]12OC[C@H](O[N+]([O-])=O)[C@@]1([H])OC[C@H]2O[N+]([O-])=O","DB00883","Prestw-714"
"438","CC1=CC=CN2C(=O)C(=CN=C12)C1=NNN=N1","DB00885","Prestw-1603"
"439","CCCCNC1=C(OC2=CC=CC=C2)C(=CC(=C1)C(O)=O)S(N)(=O)=O","DB00887","Prestw-276"
"440","CN1N=C(C(=O)N[C@@H]2C[C@@H]3CCC[C@H](C2)N3C)C2=C1C=CC=C2","DB00889","Prestw-1187"
"441","[H]\C(C)=C(/C(=C(\[H])C)/C1=CC=C(O)C=C1)\C1=CC=C(O)C=C1","DB00890","Prestw-798"
"442","NC1=CC=C(C=C1)S(=O)(=O)NC1=CC=CC=N1","DB00891","Prestw-762"
"443","CCCCOC1=C(N)C=CC(=C1)C(=O)OCCN(CC)CC","DB00892","Prestw-57"
"444","[H][C@@]12C[C@@H](C)[C@](C)(C(=O)CC)[C@@]1(C)C[C@H](O)[C@@]1([H])[C@@]2([H])CCC2=CC(=O)C=C[C@]12C","DB00896","Prestw-1020"
"445","OC[C@@H]1CC[C@@H](O1)N1C=NC2=C1NC=NC2=O","DB00900","Prestw-153"
"446","CCC(=C)C(=O)C1=C(Cl)C(Cl)=C(OCC(O)=O)C=C1","DB00903","Prestw-259"
"447","CN1C2=C(C3=CC=CC=C13)C(=O)C(CN1C=CN=C1C)CC2","DB00904","Prestw-1058"
"448","[H][C@@]12CCN(C[C@@H]1C=C)[C@]([H])(C2)[C@@H](O)C1=C2C=C(OC)C=CC2=NC=C1","DB00908","Prestw-280"
"449","NS(=O)(=O)CC1=NOC2=CC=CC=C12","DB00909","Prestw-1162"
"450","CCS(=O)(=O)CCN1C(C)=NC=C1[N+]([O-])=O","DB00911","Prestw-766"
"451","CCOC1=C(C=CC(CC(=O)N[C@@H](CC(C)C)C2=CC=CC=C2N2CCCCC2)=C1)C(O)=O","DB00912","Prestw-1046"
"452","NC(=N)NC(=N)NCCC1=CC=CC=C1","DB00914","Prestw-179"
"453","NC12CC3CC(CC(C3)C1)C2","DB00915","Prestw-407"
"454","CC1=NC=C(N1CCO)[N+]([O-])=O","DB00916","Prestw-81"
"455","[H][C@@]12O[C@H](C)CC(=O)[C@]1(O)O[C@]1([H])[C@@H](NC)[C@@H](O)[C@@H](NC)[C@H](O)[C@@]1([H])O2","DB00919","Prestw-804"
"456","CN1CCC(CC1)=C1C2=C(SC=C2)C(=O)CC2=CC=CC=C12","DB00920","Prestw-371"
"457","[H][C@]12SCC(CSC3=NN=NN3CC(O)=O)=C(N1C(=O)[C@H]2NC(=O)CC1=CC=CC=C1CN)C(O)=O","DB00923","Prestw-470"
"458","CN(C)CCC=C1C2=CC=CC=C2C=CC2=CC=CC=C12","DB00924","Prestw-445"
"459","CC(COC1=CC=CC=C1)N(CCCl)CC1=CC=CC=C1","DB00925","Prestw-944"
"460","CCOC(=O)C=C(C)C=CC=C(C)C=CC1=C(C)C(C)=C(OC)C=C1C","DB00926","Prestw-1409"
"461","NC(N)=NC1=NC(CSCCC(N)=NS(N)(=O)=O)=CS1","DB00927","Prestw-104"
"462","NC1=NC(=O)N(C=N1)[C@@H]1O[C@H](CO)[C@@H](O)[C@H]1O","DB00928","Prestw-866"
"463","CCCCC(C)(O)C\C=C\[C@H]1[C@H](O)CC(=O)[C@@H]1CCCCCCC(=O)OC","DB00929","Prestw-1443"
"464","[H][C@@]12[C@@H](O)[C@]3([H])C(=C)C4=C(C(O)=CC=C4)C(=O)C3=C(O)[C@]1(O)C(=O)C(C(N)=O)=C(O)[C@H]2N(C)C","DB00931","Prestw-964"
"465","CN1CCCCC1CCN1C2=C(SC3=C1C=C(C=C3)S(C)=O)C=CC=C2","DB00933","Prestw-529"
"466","CNCCCC12CCC(C3=CC=CC=C13)C1=CC=CC=C21","DB00934","Prestw-346"
"467","CC1=CC(=C(O)C(C)=C1CC1=NCCN1)C(C)(C)C","DB00935","Prestw-224"
"468","CCN(CC)C(C)C(=O)C1=CC=CC=C1","DB00937","Prestw-1471"
"469","OCC1=C(O)C=CC(=C1)C(O)CNCCCCCCOCCCCC1=CC=CC=C1","DB00938","Prestw-945"
"470","CC1=C(Cl)C(NC2=CC=CC=C2C(O)=O)=C(Cl)C=C1","DB00939","Prestw-206"
"471","CC[N+](C)(CC)CCOC(=O)C1C2=CC=CC=C2OC2=CC=CC=C12","DB00940","Prestw-1066"
"472","NC1=NC(=O)N(C=C1)[C@H]1CC[C@@H](CO)O1","DB00943","Prestw-1037"
"473","CN(CCCCCCCCCCN(C)C(=O)OC1=CC=CC(=C1)[N+](C)(C)C)C(=O)OC1=CC=CC(=C1)[N+](C)(C)C","DB00944","Prestw-616"
"474","CC(=O)OC1=CC=CC=C1C(O)=O","DB00945","Prestw-1207"
"475","[H][C@@]12CC[C@H](O)[C@@]1(C)CC[C@]1([H])C3=CC=C(O)C=C3C[C@@H](CCCCCCCCCS(=O)CCCC(F)(F)C(F)(F)F)[C@@]21[H]","DB00947","Prestw-1424"
"476","CC(C)(C(O)=O)C1=CC=C(C=C1)C(O)CCCN1CCC(CC1)C(O)(C1=CC=CC=C1)C1=CC=CC=C1","DB00950","Prestw-1102"
"477","NNC(=O)C1=CC=NC=C1","DB00951","Prestw-161"
"478","CC[C@H]1OC(=O)[C@H](C)[C@@H](O[C@H]2C[C@@](C)(OC)[C@@H](O)[C@H](C)O2)[C@H](C)[C@@H](O[C@@H]2O[C@H](C)C[C@@H]([C@H]2O)N(C)C)[C@](C)(O)C[C@@H](C)[C@@H]2N[C@@H](COCCOC)O[C@H]([C@H]2C)[C@]1(C)O","DB00954","Prestw-557"
"479","[H][C@@]12CC[C@@](OC(C)=O)(C#C)[C@@]1(CC)CC[C@]1([H])[C@@]3([H])CC\C(C=C3CC[C@@]21[H])=N/O","DB00957","Prestw-1452"
"480","[H][C@@]12CC[C@](O)(C(=O)CO)[C@@]1(C)C[C@H](O)[C@@]1([H])[C@@]2([H])C[C@H](C)C2=CC(=O)C=C[C@]12C","DB00959","Prestw-279"
"481","CC(C)NCC(O)COC1=CC=CC2=C1C=CN2","DB00960","Prestw-90"
"482","CN1CCCCC1C(=O)NC1=C(C)C=CC=C1C","DB00961","Prestw-1280"
"483","CCN(C(C)=O)C1=CC=CC(=C1)C1=CC=NC2=C(C=NN12)C#N","DB00962","Prestw-1369"
"484","CCCC1=NC2=C(C=C(C=C2C)C2=NC3=CC=CC=C3N2C)N1CC1=CC=C(C=C1)C1=CC=CC=C1C(O)=O","DB00966","Prestw-1350"
"485","ClC1=CC2=C(C=C1)C(=C1CCNCC1)C1=C(CC2)C=CC=N1","DB00967","Prestw-1390"
"486","C[C@](N)(CC1=CC=C(O)C(O)=C1)C(O)=O","DB00968","Prestw-326"
"487","CN1CCCC(CC1)N1N=C(CC2=CC=C(Cl)C=C2)C2=CC=CC=C2C1=O","DB00972","Prestw-1130"
"488","OCCN(CCO)C1=NC2=C(N=C(N=C2N2CCCCC2)N(CCO)CCO)C(=N1)N1CCCCC1","DB00975","Prestw-142"
"489","[H][C@@]12CC[C@@](O)(C#C)[C@@]1(C)CC[C@]1([H])C3=C(CC[C@@]21[H])C=C(O)C=C3","DB00977","Prestw-1405"
"490","CCN1C=C(C(O)=O)C(=O)C2=CC(F)=C(N3CCNC(C)C3)C(F)=C12","DB00978","Prestw-238"
"491","CN(C)CCOC(=O)C(C1=CC=CC=C1)C1(O)CCCC1","DB00979","Prestw-1095"
"492","[H][C@]12N(C)CC[C@@]1(C)C1=C(C=CC(OC(=O)NC)=C1)N2C","DB00981","Prestw-566"
"493","C\C(\C=C\C1=C(C)CCCC1(C)C)=C/C=C/C(/C)=C\C(O)=O","DB00982","Prestw-256"
"494","COC1=CC=C(CC(C)NCC(O)C2=CC(NC=O)=C(O)C=C2)C=C1","DB00983","Prestw-1421"
"495","CN1C2=C(N=C(Cl)N2)C(=O)N(C)C1=O.CN(C)CCOC(C1=CC=CC=C1)C1=CC=CC=C1","DB00985","Prestw-265"
"496","C[N+]1(C)CCC(C1)OC(=O)C(O)(C1CCCC1)C1=CC=CC=C1","DB00986","Prestw-746"
"497","NC1=NC(=O)N(C=C1)[C@@H]1O[C@H](CO)[C@@H](O)[C@@H]1O","DB00987","Prestw-1134"
"498","NCCC1=CC(O)=C(O)C=C1","DB00988","Prestw-1398"
"499","CCN(C)C(=O)OC1=CC=CC(=C1)[C@H](C)N(C)C","DB00989","Prestw-1334"
"500","[H][C@@]12CCC(=O)[C@@]1(C)CC[C@@]1([H])[C@@]2([H])CC(=C)C2=CC(=O)C=C[C@]12C","DB00990","Prestw-1410"
"501","OC(=O)CCC1=NC(=C(O1)C1=CC=CC=C1)C1=CC=CC=C1","DB00991","Prestw-1060"
"502","CN1C=NC(=C1SC1=NC=NC2=C1NC=N2)[N+]([O-])=O","DB00993","Prestw-94"
"503","CCP(CC)(CC)=[Au]S[C@@H]1O[C@H](COC(C)=O)[C@@H](OC(C)=O)[C@H](OC(C)=O)[C@H]1OC(C)=O","DB00995","Prestw-1233"
"504","NCC1(CC(O)=O)CCCCC1","DB00996","Prestw-861"
"505","COC1=CC=CC2=C1C(=O)C1=C(O)C3=C(C[C@](O)(C[C@@H]3O[C@H]3C[C@H](N)[C@H](O)[C@H](C)O3)C(=O)CO)C(O)=C1C2=O","DB00997","Prestw-438"
"506","NS(=O)(=O)C1=C(Cl)C=C2NCNS(=O)(=O)C2=C1","DB00999","Prestw-9"
"507","CC(C)(C)NCC(O)C1=CC(CO)=C(O)C=C1","DB01001","Prestw-198"
"508","OC(COC1=CC=CC2=C1C(=O)C=C(O2)C(O)=O)COC1=CC=CC2=C1C(=O)C=C(O2)C(O)=O","DB01003","Prestw-812"
"509","NC1=NC2=C(N=CN2COC(CO)CO)C(=O)N1","DB01004","Prestw-839"
"510","N#CC1=CC=C(C=C1)C(N1C=NC=N1)C1=CC=C(C=C1)C#N","DB01006","Prestw-1025"
"511","ClC1=C(COC(CN2C=CN=C2)C2=C(Cl)C=C(Cl)C=C2)C=CS1","DB01007","Prestw-1184"
"512","CS(=O)(=O)OCCCCOS(C)(=O)=O","DB01008","Prestw-1179"
"513","CC(C(O)=O)C1=CC(=CC=C1)C(=O)C1=CC=CC=C1","DB01009","Prestw-219"
"514","CC[N+](C)(C)C1=CC(O)=CC=C1","DB01010","Prestw-83"
"515","CC(C)(C(=O)C1=CN=CC=C1)C1=CC=CN=C1","DB01011","Prestw-904"
"516","OC(=O)CCNC(=O)C1=CC=C(C=C1)\N=N\C1=CC=C(O)C(=C1)C(O)=O","DB01014","Prestw-730"
"517","CC1=CC(NS(=O)(=O)C2=CC=C(N)C=C2)=NO1","DB01015","Prestw-177"
"518","COC1=C(C=C(Cl)C=C1)C(=O)NCCC1=CC=C(C=C1)S(=O)(=O)NC(=O)NC1CCCCC1","DB01016","Prestw-316"
"519","[H][C@@]12CC3=C(C(O)=CC=C3N(C)C)C(=O)C1=C(O)[C@]1(O)C(=O)C(C(N)=O)=C(O)[C@@H](N(C)C)[C@]1([H])C2","DB01017","Prestw-315"
"520","NC(=N)NC(=O)CC1=C(Cl)C=CC=C1Cl","DB01018","Prestw-339"
"521","CC(C[N+](C)(C)C)OC(N)=O","DB01019","Prestw-1073"
"522","[H][C@]12OC[C@@H](O[N+]([O-])=O)[C@@]1([H])OC[C@@H]2O","DB01020","Prestw-1294"
"523","NS(=O)(=O)C1=C(Cl)C=C2NC(NS(=O)(=O)C2=C1)C(Cl)Cl","DB01021","Prestw-825"
"524","CCOC(=O)C1=C(C)NC(C)=C(C1C1=C(Cl)C(Cl)=CC=C1)C(=O)OC","DB01023","Prestw-478"
"525","CC(=O)N1CCN(CC1)C1=CC=C(OCC2COC(CN3C=CN=C3)(O2)C2=CC=C(Cl)C=C2Cl)C=C1","DB01026","Prestw-389"
"526","CC[C@@]1(O)C(=O)OCC2=C1C=C1N(CC3=CC4=C(C=CC(O)=C4CN(C)C)N=C13)C2=O","DB01030","Prestw-1196"
"527","CCCN(CCC)S(=O)(=O)C1=CC=C(C=C1)C(O)=O","DB01032","Prestw-542"
"528","S=C1N=CNC2=C1NC=N2","DB01033","Prestw-1469"
"529","CCN(CC)CCNC(=O)C1=CC=C(N)C=C1","DB01035","Prestw-337"
"530","C[C@H](CC1=CC=CC=C1)N(C)CC#C","DB01037","Prestw-552"
"531","CC(C)OC(=O)C(C)(C)OC1=CC=C(C=C1)C(=O)C1=CC=C(Cl)C=C1","DB01039","Prestw-275"
"532","O=C1N(C2CCC(=O)NC2=O)C(=O)C2=CC=CC=C12","DB01041","Prestw-192"
"533","CC12CC3CC(C)(C1)CC(N)(C3)C2","DB01043","Prestw-978"
"534","COC1=C2N(C=C(C(O)=O)C(=O)C2=CC(F)=C1N1CCNC(C)C1)C1CC1","DB01044","Prestw-1265"
"535","CO[C@H]1\C=C\O[C@@]2(C)OC3=C(C2=O)C2=C(O)C(\C=N\N4CCN(C)CC4)=C(NC(=O)\C(C)=C/C=C/[C@H](C)[C@H](O)[C@@H](C)[C@@H](O)[C@@H](C)[C@H](OC(C)=O)[C@@H]1C)C(O)=C2C(O)=C3C","DB01045","Prestw-525"
"536","[H][C@@]12C[C@@]3([H])[C@]4([H])C[C@]([H])(F)C5=CC(=O)C=C[C@]5(C)[C@@]4(F)[C@@H](O)C[C@]3(C)[C@@]1(OC(C)(C)O2)C(=O)COC(C)=O","DB01047","Prestw-774"
"537","NC1=NC2=C(N=CN2[C@@H]2C[C@H](CO)C=C2)C(NC2CC2)=N1","DB01048","Prestw-1512"
"538","CO[C@@H]1[C@@H](OC(N)=O)[C@@H](O)[C@H](OC2=C(C)C3=C(C=C2)C(O)=C(NC(=O)C2=CC=C(O)C(CC=C(C)C)=C2)C(=O)O3)OC1(C)C","DB01051","Prestw-834"
"539","[H][C@]12SC(C)(C)[C@@H](N1C(=O)[C@H]2NC(=O)CC1=CC=CC=C1)C(O)=O","DB01053","Prestw-1078"
"540","CCOC(=O)C1=C(C)NC(C)=C(C1C1=CC(=CC=C1)[N+]([O-])=O)C(=O)OC","DB01054","Prestw-916"
"541","CC(N)C(=O)NC1=C(C)C=CC=C1C","DB01056","Prestw-1027"
"542","O=C(C1CCCCC1)N1CC2N(CCC3=CC=CC=C23)C(=O)C1","DB01058","Prestw-260"
"543","CCN1C=C(C(O)=O)C(=O)C2=CC(F)=C(C=C12)N1CCNCC1","DB01059","Prestw-221"
"544","[H][C@]12SC(C)(C)[C@@H](N1C(=O)[C@H]2NC(=O)[C@H](N)C1=CC=C(O)C=C1)C(O)=O","DB01060","Prestw-357"
"545","[H][C@](NC(=O)N1CCNC1=O)(C(=O)N[C@@H]1C(=O)N2[C@@H](C(O)=O)C(C)(C)S[C@]12[H])C1=CC=CC=C1","DB01061","Prestw-821"
"546","CCN(CC)CC#CCOC(=O)C(O)(C1CCCCC1)C1=CC=CC=C1","DB01062","Prestw-287"
"547","CC(C)NCC(O)C1=CC(O)=C(O)C=C1","DB01064","Prestw-1097"
"548","COC1=CC2=C(NC=C2CCNC(C)=O)C=C1","DB01065","Prestw-458"
"549","CC1=NC=C(N=C1)C(=O)NCCC1=CC=C(C=C1)S(=O)(=O)NC(=O)NC1CCCCC1","DB01067","Prestw-131"
"550","CC(CN1C2=CC=CC=C2SC2=CC=CC=C12)N(C)C","DB01069","Prestw-888"
"551","NC1=NC(F)=NC2=C1N=CN2[C@@H]1O[C@H](CO)[C@@H](O)[C@@H]1O","DB01073","Prestw-1483"
"552","C(C(C1CCCCC1)C1CCCCC1)C1CCCCN1","DB01074","Prestw-286"
"553","CN(C)CCOC(C1=CC=CC=C1)C1=CC=CC=C1","DB01075","Prestw-65"
"554","CC(C)C1=C(C(=O)NC2=CC=CC=C2)C(=C(N1CC[C@@H](O)C[C@@H](O)CC(O)=O)C1=CC=C(F)C=C1)C1=CC=CC=C1","DB01076","Prestw-1232"
"555","CC(O)(P(O)(O)=O)P(O)(O)=O","DB01077","Prestw-863"
"556","NC(CCC(O)=O)C=C","DB01080","Prestw-501"
"557","CN[C@H]1[C@H](O)[C@@H](O)[C@H](CO)O[C@H]1O[C@H]1[C@H](O[C@H]2[C@H](O)[C@@H](O)[C@H](NC(N)=N)[C@@H](O)[C@@H]2NC(N)=N)O[C@@H](C)[C@]1(O)C=O","DB01082","Prestw-321"
"558","CCOCCN1C(=NC2=CC=CC=C12)N1CCCN(C)CC1","DB01084","Prestw-1274"
"559","CC[C@H]1[C@@H](CC2=CN=CN2C)COC1=O","DB01085","Prestw-449"
"560","CCOC(=O)C1=CC=C(N)C=C1","DB01086","Prestw-712"
"561","COC1=CC(NC(C)CCCN)=C2N=CC=CC2=C1","DB01087","Prestw-476"
"562","C[N+]1(CCCCC[N+]2(C)CCCC2)CCCC1","DB01090","Prestw-188"
"563","CN(CC1=CC=C(C=C1)C(C)(C)C)CC1=CC=CC2=CC=CC=C12","DB01091","Prestw-1252"
"564","CC(C)N1C(\C=C\[C@H](O)C[C@H](O)CC(O)=O)=C(C2=CC=C(F)C=C2)C2=CC=CC=C12","DB01095","Prestw-859"
"565","CC1=C(C=NO1)C(=O)NC1=CC=C(C=C1)C(F)(F)F","DB01097","Prestw-772"
"566","NC1=C(F)C=NC(=O)N1","DB01099","Prestw-934"
"567","FC1=CC=C(C=C1)C(CCCN1CCC(CC1)N1C(=O)NC2=CC=CC=C12)C1=CC=C(F)C=C1","DB01100","Prestw-308"
"568","CCN(CC)CCCC(C)NC1=C2C=C(OC)C=CC2=NC2=C1C=CC(Cl)=C2","DB01103","Prestw-318"
"569","CN[C@H]1CC[C@@H](C2=CC(Cl)=C(Cl)C=C2)C2=CC=CC=C12","DB01104","Prestw-1014"
"570","CC(C)CC(N(C)C)C1(CCC1)C1=CC=C(Cl)C=C1","DB01105","Prestw-1159"
"571","C[C@@H]1CN(CC[C@]1(C(O)=O)C1=CC=CC=C1)[C@H]1CC[C@](CC1)(C#N)C1=CC=C(F)C=C1","DB01106","Prestw-1039"
"572","ClC1=CC(Cl)=C(COC(CN2C=CN=C2)C2=C(Cl)C=C(Cl)C=C2)C=C1","DB01110","Prestw-67"
"573","[H][C@]12SCC(COC(N)=O)=C(N1C(=O)[C@H]2NC(=O)C(=N/OC)\C1=CC=CO1)C(O)=O","DB01112","Prestw-720"
"574","COC1=C(OC)C=C(CC2=NC=CC3=CC(OC)=C(OC)C=C23)C=C1","DB01113","Prestw-583"
"575","CN(C)CCC(C1=CC=C(Cl)C=C1)C1=CC=CC=N1","DB01114","Prestw-117"
"576","COC(=O)C1=C(C)NC(C)=C(C1C1=CC=CC=C1[N+]([O-])=O)C(=O)OC","DB01115","Prestw-63"
"577","OC1=C([C@H]2CC[C@@H](CC2)C2=CC=C(Cl)C=C2)C(=O)C2=CC=CC=C2C1=O","DB01117","Prestw-534"
"578","CCCCC1=C(C(=O)C2=CC(I)=C(OCCN(CC)CC)C(I)=C2)C2=C(O1)C=CC=C2","DB01118","Prestw-409"
"579","CC1=NS(=O)(=O)C2=C(N1)C=CC(Cl)=C2","DB01119","Prestw-87"
"580","CC1=CC=C(C=C1)S(=O)(=O)NC(=O)NN1CC2CCCC2C1","DB01120","Prestw-558"
"581","CCCCNC(=O)NS(=O)(=O)C1=CC=C(C)C=C1","DB01124","Prestw-190"
"582","ClC1=CC=C(COC(CN2C=CN=C2)C2=C(Cl)C=C(Cl)C=C2)C=C1","DB01127","Prestw-304"
"583","CC(O)(CS(=O)(=O)C1=CC=C(F)C=C1)C(=O)NC1=CC(=C(C=C1)C#N)C(F)(F)F","DB01128","Prestw-1239"
"584","COCCCOC1=C(C)C(CS(=O)C2=NC3=CC=CC=C3N2)=NC=C1","DB01129","Prestw-1495"
"585","[H][C@@]12CC[C@](OC(=O)OCC)(C(=O)COC(=O)CC)[C@@]1(C)C[C@H](O)[C@@]1([H])[C@@]2([H])CCC2=CC(=O)C=C[C@]12C","DB01130","Prestw-1044"
"586","CC(C)NC(=N)NC(=N)NC1=CC=C(Cl)C=C1","DB01131","Prestw-999"
"587","CCC1=CN=C(CCOC2=CC=C(CC3SC(=O)NC3=O)C=C2)C=C1","DB01132","Prestw-1314"
"588","COC1=CC=CC=C1OCCNCC(O)COC1=CC=CC2=C1C1=CC=CC=C1N2","DB01136","Prestw-1262"
"589","O=C1C(CCS(=O)C2=CC=CC=C2)C(=O)N(N1C1=CC=CC=C1)C1=CC=CC=C1","DB01138","Prestw-290"
"590","[H][C@]12SCC(C)=C(N1C(=O)[C@H]2NC(=O)[C@H](N)C1=CC=C(O)C=C1)C(O)=O","DB01140","Prestw-434"
"591","[H]C(CCN(C)C)=C1C2=CC=CC=C2COC2=CC=CC=C12","DB01142","Prestw-263"
"592","NCCCNCCSP(O)(O)=O","DB01143","Prestw-1489"
"593","NS(=O)(=O)C1=CC(=C(Cl)C(Cl)=C1)S(N)(=O)=O","DB01144","Prestw-809"
"594","CN1CCC(CC1)OC(C1=CC=CC=C1)C1=CC=CC=C1","DB01146","Prestw-707"
"595","[H][C@]12SC(C)(C)[C@@H](N1C(=O)[C@H]2NC(=O)C1=C(C)ON=C1C1=CC=CC=C1Cl)C(O)=O","DB01147","Prestw-186"
"596","CC1=C(OC2=C(C=CC=C2C(=O)OCCN2CCCCC2)C1=O)C1=CC=CC=C1","DB01148","Prestw-242"
"597","CCC1=NN(CCCN2CCN(CC2)C2=CC(Cl)=CC=C2)C(=O)N1CCOC1=CC=CC=C1","DB01149","Prestw-1152"
"598","CNCCCN1C2=CC=CC=C2CCC2=CC=CC=C12","DB01151","Prestw-343"
"599","ClC1=CC(Cl)=C(C=C1)C(CN1C=CN=C1)OCC1=CSC2=C1C=CC=C2Cl","DB01153","Prestw-1045"
"600","CC(NC(C)(C)C)C(=O)C1=CC(Cl)=CC=C1","DB01156","Prestw-249"
"601","CC[N+](C)(C)CC1=CC=CC=C1Br","DB01158","Prestw-942"
"602","COC1=C(OC)C=C2C(N)=NC(=NC2=C1)N1CCN(CC1)C(=O)C1CCCO1","DB01162","Prestw-751"
"603","CC1COC2=C3N1C=C(C(O)=O)C(=O)C3=CC(F)=C2N1CCN(C)CC1","DB01165","Prestw-237"
"604","O=C1CCC2=C(N1)C=CC(OCCCCC1=NN=NN1C1CCCCC1)=C2","DB01166","Prestw-587"
"605","CCC(C)N1N=CN(C1=O)C1=CC=C(C=C1)N1CCN(CC1)C1=CC=C(OC[C@H]2CO[C@@](CN3C=NC=N3)(O2)C2=CC=C(Cl)C=C2Cl)C=C1","DB01167","Prestw-1139"
"606","CNNCC1=CC=C(C=C1)C(=O)NC(C)C","DB01168","Prestw-1112"
"607","NC(N)=NCCN1CCCCCCC1","DB01170","Prestw-317"
"608","ClC1=CC=C(C=C1)C(=O)NCCN1CCOCC1","DB01171","Prestw-353"
"609","NC[C@H]1O[C@H](O[C@@H]2[C@@H](N)C[C@@H](N)[C@H](O[C@H]3O[C@H](CO)[C@@H](O)[C@H](N)[C@H]3O)[C@H]2O)[C@H](O)[C@@H](O)[C@@H]1O","DB01172","Prestw-394"
"610","CN(C)CCOC(C1=CC=CC=C1)C1=CC=CC=C1C","DB01173","Prestw-239"
"611","CN(C)CCC[C@]1(OCC2=C1C=CC(=C2)C#N)C1=CC=C(F)C=C1","DB01175","Prestw-1271"
"612","CN1CCN(CC1)C(C1=CC=CC=C1)C1=CC=CC=C1","DB01176","Prestw-510"
"613","CN1C(C2=CC=C(Cl)C=C2)S(=O)(=O)CCC1=O","DB01178","Prestw-336"
"614","[H][C@]12COC(=O)[C@]1([H])[C@H](C1=CC(OC)=C(OC)C(OC)=C1)C1=CC3=C(OCO3)C=C1[C@@H]2O","DB01179","Prestw-782"
"615","ClCCNP1(=O)OCCCN1CCCl","DB01181","Prestw-833"
"616","CCCNCC(O)COC1=C(C=CC=C1)C(=O)CCC1=CC=CC=C1","DB01182","Prestw-499"
"617","OC1=CC=C2C[C@H]3N(CC=C)CC[C@@]45[C@@H](OC1=C24)C(=O)CC[C@@]35O","DB01183","Prestw-111"
"618","ClC1=CC2=C(C=C1)N(C1CCN(CCCN3C(=O)NC4=CC=CC=C34)CC1)C(=O)N2","DB01184","Prestw-340"
"619","[H][C@@]12CC3=CNC4=CC=CC(=C34)[C@@]1([H])C[C@@H](CSC)CN2CCC","DB01186","Prestw-295"
"620","CC1=CC(=O)N(O)C(=C1)C1CCCCC1","DB01188","Prestw-541"
"621","CCC[C@@H]1C[C@H](N(C)C1)C(=O)NC(C(C)Cl)[C@H]1O[C@H](SC)[C@H](O)[C@@H](O)[C@H]1O","DB01190","Prestw-137"
"622","CCN[C@@H](C)CC1=CC=CC(=C1)C(F)(F)F","DB01191","Prestw-1392"
"623","CCCC(=O)NC1=CC=C(OCC(O)CNC(C)C)C(=C1)C(C)=O","DB01193","Prestw-69"
"624","CCN[C@H]1CN(CCCOC)S(=O)(=O)C2=C1C=C(S2)S(N)(=O)=O","DB01194","Prestw-365"
"625","FC(F)(F)COC1=CC(C(=O)NCC2CCCCN2)=C(OCC(F)(F)F)C=C1","DB01195","Prestw-735"
"626","C[C@H](CS)C(=O)N1CCC[C@H]1C(O)=O","DB01197","Prestw-19"
"627","CN1CCN(CC1)C(=O)OC1N(C(=O)C2=NC=CN=C12)C1=NC=C(Cl)C=C1","DB01198","Prestw-1367"
"628","[H][C@@]12CCCN1C(=O)[C@H](CC(C)C)N1C(=O)[C@](NC(=O)[C@H]3CN(C)[C@]4([H])CC5=C(Br)NC6=CC=CC(=C56)C4=C3)(O[C@@]21O)C(C)C","DB01200","Prestw-121"
"629","CO[C@H]1\C=C\O[C@@]2(C)OC3=C(C2=O)C2=C(C(O)=C3C)C(O)=C(NC(=O)\C(C)=C/C=C/[C@H](C)[C@H](O)[C@@H](C)[C@@H](O)[C@@H](C)[C@H](OC(C)=O)[C@@H]1C)C(\C=N\N1CCN(CC1)C1CCCC1)=C2O","DB01201","Prestw-1157"
"630","CC[C@H](N1CCCC1=O)C(N)=O","DB01202","Prestw-1427"
"631","CC(C)(C)NCC(O)COC1=CC=CC2=C1C[C@H](O)[C@H](O)C2","DB01203","Prestw-818"
"632","OCCNCCNC1=CC=C(NCCNCCO)C2=C1C(=O)C1=C(C(O)=CC=C1O)C2=O","DB01204","Prestw-385"
"633","C[C@H]1CN(C[C@@H](C)N1)C1=C(F)C(N)=C2C(=O)C(=CN(C3CC3)C2=C1F)C(O)=O","DB01208","Prestw-1343"
"634","CC(C)(C)NC[C@H](O)COC1=CC=CC2=C1CCCC2=O","DB01210","Prestw-847"
"635","[H][C@@]1(C[C@@](C)(OC)[C@@H](O)[C@H](C)O1)O[C@H]1[C@H](C)[C@@H](O[C@]2([H])O[C@H](C)C[C@@H]([C@H]2O)N(C)C)[C@@](C)(C[C@@H](C)C(=O)[C@H](C)[C@@H](O)[C@](C)(O)[C@@H](CC)OC(=O)[C@@H]1C)OC","DB01211","Prestw-1378"
"636","CC1=CNN=C1","DB01213","Prestw-1499"
"637","[H][C@@]12CC[C@H](C(=O)NC(C)(C)C)[C@@]1(C)CC[C@@]1([H])[C@@]2([H])CC[C@@]2([H])NC(=O)C=C[C@]12C","DB01216","Prestw-717"
"638","CC(C)(C#N)C1=CC(=CC(CN2C=NC=N2)=C1)C(C)(C)C#N","DB01217","Prestw-1222"
"639","CCCCN(CCCC)CCC(O)C1=C2C=CC(=CC2=C2C=C(Cl)C=C(Cl)C2=C1)C(F)(F)F","DB01218","Prestw-1031"
"640","[O-][N+](=O)C1=CC=C(C=C1)C1=CC=C(O1)C=NN1CC(=O)NC1=O","DB01219","Prestw-291"
"641","CO[C@H]1\C=C\O[C@@]2(C)OC3=C(C)C(O)=C4C(O)=C(NC(=O)\C(C)=C/C=C/[C@H](C)[C@H](O)[C@@H](C)[C@@H](O)[C@@H](C)[C@H](OC(C)=O)[C@@H]1C)C1=C(N=C5C=C(C)C=CN15)C4=C3C2=O","DB01220","Prestw-1478"
"642","[H][C@@]12C[C@H]3OC(CCC)O[C@@]3(C(=O)CO)[C@@]1(C)C[C@H](O)[C@@]1([H])[C@@]2([H])CCC2=CC(=O)C=C[C@]12C","DB01222","Prestw-518"
"643","OCCOCCN1CCN(CC1)C1=NC2=CC=CC=C2SC2=CC=CC=C12","DB01224","Prestw-1323"
"644","[H][C@]12[C@H](OC(=O)C3=CC=CC=C3)[C@]3(O)C[C@H](OC(=O)[C@H](O)[C@@H](NC(=O)C4=CC=CC=C4)C4=CC=CC=C4)C(C)=C([C@@H](OC(C)=O)C(=O)[C@]1(C)[C@@H](O)C[C@H]1OC[C@@]21OC(C)=O)C3(C)C","DB01229","Prestw-155"
"645","OC(CCCN1CCCCC1)(C1=CC=CC=C1)C1=CC=CC=C1","DB01231","Prestw-252"
"646","[H][C@@]12CCCC[C@]1([H])CN(C[C@@H](O)[C@H](CC1=CC=CC=C1)NC(=O)[C@H](CC(N)=O)NC(=O)C1=NC3=C(C=CC=C3)C=C1)[C@@H](C2)C(=O)NC(C)(C)C","DB01232","Prestw-1114"
"647","CCN(CC)CCNC(=O)C1=CC(Cl)=C(N)C=C1OC","DB01233","Prestw-209"
"648","[H][C@@]12C[C@@H](C)[C@](O)(C(=O)CO)[C@@]1(C)C[C@H](O)[C@@]1(F)[C@@]2([H])CCC2=CC(=O)C=C[C@]12C","DB01234","Prestw-130"
"649","N[C@@H](CC1=CC(O)=C(O)C=C1)C(O)=O","DB01235","Prestw-17"
"650","ClC1=CC=CC(N2CCN(CCCCOC3=CC4=C(CCC(=O)N4)C=C3)CC2)=C1Cl","DB01238","Prestw-1229"
"651","CN(C)CC\C=C1\C2=CC=CC=C2SC2=CC=C(Cl)C=C12","DB01239","Prestw-348"
"652","CC1=CC(OCCCC(C)(C)C(O)=O)=C(C)C=C1","DB01241","Prestw-214"
"653","CN(C)CCCN1C2=CC=CC=C2CCC2=C1C=C(Cl)C=C2","DB01242","Prestw-269"
"654","OC1=C(Cl)C=C(Cl)C2=C1N=CC=C2","DB01243","Prestw-1474"
"655","CC(C)COCC(CN(CC1=CC=CC=C1)C1=CC=CC=C1)N1CCCC1","DB01244","Prestw-368"
"656","C[N+](C)(C)CCCCCCCCCC[N+](C)(C)C","DB01245","Prestw-968"
"657","CC(CN(C)C)CN1C2=CC=CC=C2SC2=CC=CC=C12","DB01246","Prestw-842"
"658","CC1=CC(=NO1)C(=O)NNCC1=CC=CC=C1","DB01247","Prestw-795"
"659","[H][C@@]12C[C@H](O)[C@@]3(C)C(=O)[C@H](O)C4=C(C)[C@H](C[C@@](O)([C@@H](OC(=O)C5=CC=CC=C5)[C@]3([H])[C@@]1(CO2)OC(C)=O)C4(C)C)OC(=O)[C@H](O)[C@@H](NC(=O)OC(C)(C)C)C1=CC=CC=C1","DB01248","Prestw-1180"
"660","CC(=O)N(CC(O)CN(C(C)=O)C1=C(I)C(C(=O)NCC(O)CO)=C(I)C(C(=O)NCC(O)CO)=C1I)C1=C(I)C(C(=O)NCC(O)CO)=C(I)C(C(=O)NCC(O)CO)=C1I","DB01249","Prestw-848"
"661","COC1=CC2=C(C=C1)C(C)(C)C(=O)N(CCC1=CC=C(C=C1)S(=O)(=O)NC(=O)NC1CCCCC1)C2=O","DB01251","Prestw-991"
"662","NNC1=NN=CC2=CC=CC=C12","DB01275","Prestw-169"
"663","CC(CC1=CC=C(O)C=C1)NCC(O)C1=CC(O)=CC(O)=C1","DB01288","Prestw-282"
"664","CC(C)NCC(O)COC1=CC=C(NC(C)=O)C=C1","DB01297","Prestw-332"
"665","COC1=NC=NC(NS(=O)(=O)C2=CC=C(N)C=C2)=C1OC","DB01299","Prestw-1094"
"666","CO[C@H]1[C@@H](CC(=O)O[C@H](C)C\C=C\C=C\[C@H](O)[C@H](C)C[C@H](CC=O)[C@@H]1O[C@@H]1O[C@H](C)[C@@H](O[C@H]2C[C@@](C)(O)[C@@H](OC(=O)CC(C)C)[C@H](C)O2)[C@@H]([C@H]1O)N(C)C)OC(C)=O","DB01321","Prestw-154"
"667","CCC1NC(=O)C2=CC(=C(Cl)C=C2N1)S(N)(=O)=O","DB01325","Prestw-1050"
"668","[H][C@]12SCC(CSC3=NN=C(C)S3)=C(N1C(=O)[C@H]2NC(=O)CN1C=NN=N1)C(O)=O","DB01327","Prestw-736"
"669","[H][C@]12SCC(CSC3=NN=NN3C)=C(N1C(=O)[C@@]2([H])NC(=O)[C@H](NC(=O)N1CCN(CC)C(=O)C1=O)C1=CC=C(O)C=C1)C(O)=O","DB01329","Prestw-327"
"670","[H][C@]12SCC(CSC3=NN=NN3C)=C(N1C(=O)[C@]2(NC(=O)C1SC(S1)=C(C(N)=O)C(O)=O)OC)C(O)=O","DB01330","Prestw-473"
"671","[H][C@]12SCC(COC(N)=O)=C(N1C(=O)[C@]2(NC(=O)CC1=CC=CS1)OC)C(O)=O","DB01331","Prestw-832"
"672","[H][C@@]12C[C@@H]([C@H](OC(C)=O)[C@@]1(C)CC[C@@]1([H])[C@@]2([H])CC[C@@]2([H])C[C@H](OC(C)=O)[C@H](C[C@]12C)[N+]1(C)CCCCC1)[N+]1(C)CCCCC1","DB01337","Prestw-1034"
"673","[H][C@@]12C[C@@H]([C@H](OC(C)=O)[C@@]1(C)CC[C@@]1([H])[C@@]2([H])CC[C@@]2([H])C[C@H](OC(C)=O)[C@H](C[C@]12C)N1CCCCC1)[N+]1(C)CCCCC1","DB01339","Prestw-1359"
"674","[H][C@@]12CC[C@@](O)(C#C)[C@@]1(C)CC[C@]1([H])C3=C(CC[C@@]21[H])C=C(OC)C=C3","DB01357","Prestw-846"
"675","CC(C)(C)NC[C@H](O)COC1=CC=CC=C1C1CCCC1","DB01359","Prestw-1043"
"676","CC(=O)N(CC(O)CO)C1=C(I)C(C(=O)NCC(O)CO)=C(I)C(C(=O)NCC(O)CO)=C1I","DB01362","Prestw-512"
"677","CNC(C)(C)CC1=CC=CC=C1","DB01365","Prestw-726"
"678","[H][C@@]12CC[C@H](O)[C@H](C(=O)OC)[C@@]1([H])C[C@]1([H])N(CCC3=C1NC1=CC=CC=C31)C2","DB01392","Prestw-584"
"679","CC(C)(OC1=CC=C(CCNC(=O)C2=CC=C(Cl)C=C2)C=C1)C(O)=O","DB01393","Prestw-378"
"680","COC1=CC2=C(C(OC)=C1OC)C1=CC=C(OC)C(=O)C=C1C(CC2)NC(C)=O","DB01394","Prestw-363"
"681","CN(C)C(=O)OC1=CC(=CC=C1)[N+](C)(C)C","DB01400","Prestw-468"
"682","COC1=CC2=C(SC3=C(C=CC=C3)N2C[C@H](C)CN(C)C)C=C1","DB01403","Prestw-797"
"683","[H][C@@]12CC[C@@](O)(C#C)[C@@]1(C)CC[C@@]1([H])[C@@]2([H])CCC2=CC3=C(C[C@]12C)C=NO3","DB01406","Prestw-105"
"684","CC(C)(C)NCC(O)C1=CC(Cl)=C(N)C(Cl)=C1","DB01407","Prestw-345"
"685","CN(C)C(=O)OC1=CC(=CC(OC(=O)N(C)C)=C1)C(O)CNC(C)(C)C","DB01408","Prestw-361"
"686","O=C(NC1=C2OC(=CC(=O)C2=CC=C1)C1=NNN=N1)C1=CC=C(OCCCCC2=CC=CC=C2)C=C1","DB01411","Prestw-1317"
"687","CN1C=NC2=C1C(=O)NC(=O)N2C","DB01412","Prestw-874"
"688","CO\N=C(/C(=O)N[C@@H]1C(=O)N2[C@]1([H])SCC(C[N+]1(C)CCCC1)=C2C([O-])=O)C1=CSC(N)=N1","DB01413","Prestw-1118"
"689","CC(=O)CC(C1=CC=C(C=C1)[N+]([O-])=O)C1=C(O)C2=CC=CC=C2OC1=O","DB01418","Prestw-110"
"690","NC[C@@H]1O[C@H](O[C@@H]2[C@@H](CO)O[C@@H](O[C@@H]3[C@@H](O)[C@H](N)C[C@H](N)[C@H]3O[C@H]3O[C@H](CO)[C@@H](O)[C@H](O)[C@H]3N)[C@@H]2O)[C@H](N)[C@@H](O)[C@@H]1O","DB01421","Prestw-867"
"691","CN(C)C1=C(C)N(C)N(C1=O)C1=CC=CC=C1","DB01424","Prestw-88"
"692","COC1=CC2=NNN=C2C=C1C(=O)NCC1CCCN1CC=C","DB01425","Prestw-451"
"693","NC1=CC(=CNC1=O)C1=CC=NC=C1","DB01427","Prestw-800"
"694","COC1=CC(O)=C(C=C1)C(=O)C1=CC=CC=C1","DB01428","Prestw-887"
"695","CN1N(C(=O)C=C1C)C1=CC=CC=C1","DB01435","Prestw-29"
"696","CC(C)CCC[C@@H](C)[C@@]1([H])CC[C@@]2([H])\C(CCC[C@]12C)=C\C=C1\C[C@@H](O)C[C@H](O)C1=C","DB01436","Prestw-1211"
"697","NC1=NC(N)=C(C=C1)\N=N\C1=CC=CC=C1","DB01438","Prestw-752"
"698","CN(C(C)=O)C1=C(I)C(C(=O)N[C@@H](C=O)[C@@H](O)[C@H](O)[C@H](O)CO)=C(I)C(NC(C)=O)=C1I","DB01578","Prestw-463"
"699","CC(C)NCC(O)COC1=CC=CC=C1OCC=C","DB01580","Prestw-1057"
"700","CC1=NC(NS(=O)(=O)C2=CC=C(N)C=C2)=NC=C1","DB01581","Prestw-694"
"701","CC1=CC(C)=NC(NS(=O)(=O)C2=CC=C(N)C=C2)=N1","DB01582","Prestw-775"
"702","[H][C@]12CC(SCC\N=C\N)=C(N1C(=O)[C@]2([H])[C@@H](C)O)C(O)=O","DB01598","Prestw-519"
"703","CC(C)(SC1=CC(=C(O)C(=C1)C(C)(C)C)C(C)(C)C)SC1=CC(=C(O)C(=C1)C(C)(C)C)C(C)(C)C","DB01599","Prestw-384"
"704","CC(C(O)=O)C1=CC=C(S1)C(=O)C1=CC=CC=C1","DB01600","Prestw-496"
"705","[H][C@]12SC(C)(C)[C@@H](N1C(=O)[C@H]2NC(=O)[C@H](N)C1=CC=CC=C1)C(=O)OC(C)OC(=O)OCC","DB01602","Prestw-416"
"706","[H][C@]12SC(C)(C)[C@@H](N1C(=O)[C@H]2NC(=O)[C@H](N)C1=CC=CC=C1)C(=O)OCOC(=O)C(C)(C)C","DB01604","Prestw-1009"
"707","[H]C(=N[C@@H]1C(=O)N2[C@@H](C(=O)OCOC(=O)C(C)(C)C)C(C)(C)S[C@]12[H])N1CCCCCC1","DB01605","Prestw-1053"
"708","[H][C@@]12CC(=O)N1[C@@H](C(O)=O)[C@](C)(CN1C=CN=N1)S2(=O)=O","DB01606","Prestw-1349"
"709","[H][C@]12SC(C)(C)[C@@H](N1C(=O)[C@H]2NC(=O)[C@H](C(O)=O)C1=CSC=C1)C(O)=O","DB01607","Prestw-1067"
"710","CCN(CCO)CCCC(C)NC1=C2C=CC(Cl)=CC2=NC=C1","DB01611","Prestw-1284"
"711","CN(C)CCCN1C2=CC=CC=C2SC2=C1C=C(C=C2)C(C)=O","DB01614","Prestw-576"
"712","CCN(CCCC1=CC=CC=C1)CCCC1=CC=CC=C1","DB01616","Prestw-174"
"713","CCC1=C(C)NC2=C1C(=O)C(CN1CCOCC1)CC2","DB01618","Prestw-1035"
"714","CN(C)CCC(C1=CC=CC=C1)C1=CC=CC=N1","DB01620","Prestw-59"
"715","CN(C)S(=O)(=O)C1=CC2=C(SC3=CC=CC=C3N2CCCN2CCN(C)CC2)C=C1","DB01622","Prestw-149"
"716","OCCN1CCN(CC\C=C2\C3=CC=CC=C3SC3=C2C=C(Cl)C=C3)CC1","DB01624","Prestw-998"
"717","CC(C)[N+](C)(CCC(C(N)=O)(C1=CC=CC=C1)C1=CC=CC=C1)C(C)C","DB01625","Prestw-770"
"718","CN(CC#C)CC1=CC=CC=C1","DB01626","Prestw-183"
"719","[H][C@]1(C[C@@H](CCC)CN1C)C(=O)N[C@H]([C@@H](C)O)[C@H]1O[C@H](SC)[C@H](O)[C@@H](O)[C@H]1O","DB01627","Prestw-302"
"720","CC1=NC=C(C=C1)C1=C(C=C(Cl)C=N1)C1=CC=C(C=C1)S(C)(=O)=O","DB01628","Prestw-1408"
"721","NC1=NC2=C(N=NN2)C(=O)N1","DB01667","Prestw-1"
"722","COC1=C(OC2CCCC2)C=C(C=C1)C1CNC(=O)C1","DB01954","Prestw-924"
"723","CC[N+](C)(CC)CCC[N+]1=C(C2=CC=CC=C2)C2=C(C=CC(N)=C2)C2=C1C=C(N)C=C2","DB02166","Prestw-792"
"724","[H][C@@]12CCC(=O)[C@@]1(C)CC[C@]1([H])C3=C(CC=C21)C=C(O)C=C3","DB02187","Prestw-850"
"725","OC(=O)C1=CC=CC=C1NC1=CC(=CC=C1)C(F)(F)F","DB02266","Prestw-203"
"726","O[C@H](\C=C\[C@@H](C)[C@@]1([H])CC[C@@]2([H])\C(CCC[C@]12C)=C\C=C1\C[C@@H](O)C[C@H](O)C1=C)C1CC1","DB02300","Prestw-1257"
"727","[H][C@@]1(CC[C@@]2(C)[C@@]([H])(CC[C@]3(C)[C@]2([H])C(=O)C=C2[C@]4([H])C[C@](C)(CC[C@]4(C)CC[C@@]32C)C(O)=O)C1(C)C)OC(=O)CCC(O)=O","DB02329","Prestw-837"
"728","ONC(=O)CCCCCCC(=O)NC1=CC=CC=C1","DB02546","Prestw-1362"
"729","O[C@@H]1CC[C@@]2(C)[C@@]([H])(CC[C@@]3(C)[C@@]2([H])[C@H](O)C[C@@]2([H])\C([C@@H](OC(=O)C)C[C@]32C)=C(/CCC=C(C)C)C(O)=O)[C@@H]1C","DB02703","Prestw-390"
"730","[H][C@@]12CC[C@H](C(C)=O)[C@@]1(C)CC[C@@]1([H])[C@@]2([H])CC=C2C[C@@H](O)CC[C@]12C","DB02789","Prestw-546"
"731","COC1=CC(=CC=C1OC(F)F)C1=NNC(=O)C=C1","DB02918","Prestw-977"
"732","NS(=O)(=O)C1=CC(=CC(N2CCCC2)=C1OC1=CC=CC=C1)C(O)=O","DB02925","Prestw-1047"
"733","CCCCC1C(=O)N(N(C1=O)C1=CC=C(O)C=C1)C1=CC=CC=C1","DB03585","Prestw-1049"
"734","OC(=O)CC1=CC(I)=C(OC2=CC=C(O)C(I)=C2)C(I)=C1","DB03604","Prestw-202"
"735","[H][C@@]1(O[C@@H]2[C@@H](O)[C@H](N)C[C@H](N)[C@H]2O[C@H]2O[C@H](CN)[C@@H](O)[C@H](O)[C@H]2N)O[C@H](CO)[C@@H](O)[C@H]1O","DB03615","Prestw-758"
"736","[H][C@@]1(CC[C@]2(O)[C@]3([H])CC[C@]4([H])C[C@@H](O)CC[C@]4(C)[C@@]3([H])C[C@@H](O)[C@]12C)C1=CC(=O)OC1","DB03671","Prestw-883"
"737","FC1=CC=C(C=C1)C(OCCN1CCN(CCCC2=CC=CC=C2)CC1)C1=CC=C(F)C=C1","DB03701","Prestw-386"
"738","CCOC1=CC=C(NC(C)=O)C=C1","DB03783","Prestw-533"
"739","CN(CCCOC1=CC=C(Cl)C=C1Cl)CC#C","DB04017","Prestw-344"
"740","[H][C@@]1(CC[C@]2(O)[C@]3([H])CC[C@]4([H])C[C@@]([H])(O)CC[C@]4(C)[C@@]3([H])CC[C@]12C)C1=CC(=O)OC1","DB04177","Prestw-436"
"741","CC1=CC(N)=C2C=CC=CC2=[N+]1CCCCCCCCCC[N+]1=C(C)C=C(N)C2=C1C=CC=C2","DB04209","Prestw-388"
"742","OC(=O)C1=C(NC2=CC=CC(=C2)C(F)(F)F)N=CC=C1","DB04552","Prestw-255"
"743","[H][C@]12OCC(CSC3=NN=NN3C)=C(N1C(=O)[C@]2(NC(=O)C(C(O)=O)C1=CC=C(O)C=C1)OC)C(O)=O","DB04570","Prestw-819"
"744","CC1=CC2=CC3=C(OC(=O)C=C3C)C(C)=C2O1","DB04571","Prestw-709"
"745","[H][C@@]12C[C@@H](O)[C@H](O)[C@@]1(C)CC[C@]1([H])C3=C(CC[C@@]21[H])C=C(O)C=C3","DB04573","Prestw-1096"
"746","C[C@]12CC[C@H]3[C@@H](CCC4=C3C=CC(OS(O)(=O)=O)=C4)[C@@H]1CCC2=O","DB04574","Prestw-688"
"747","CN1CCN(CC1)C1=C(F)C=C2C(=O)C(=CN(CCF)C2=C1F)C(O)=O","DB04576","Prestw-1414"
"748","COC1=CC=C(C=C1)C(=O)N1CCCC1=O","DB04599","Prestw-1178"
"749","CN[C@H]1[C@@H](O)[C@H]2O[C@H](O[C@@H]3[C@@H](N)C[C@@H](N)[C@H](O)[C@H]3O)[C@H](N)C[C@@H]2O[C@@H]1O[C@H]1O[C@H](CO)[C@@H](N)[C@H](O)[C@H]1O","DB04626","Prestw-1005"
"750","[H][C@@]1(CC[C@@]2([H])[C@]3([H])CCC4=CC(=O)CC[C@]4(C)[C@@]3([H])[C@@]([H])(O)C[C@]12C)C(=O)CO","DB04652","Prestw-432"
"751","CC[C@@]1(O)C(=O)OCC2=C1C=C1N(CC3=CC4=CC=CC=C4N=C13)C2=O","DB04690","Prestw-200"
"752","COC1=CC=C(C=C1O)[C@@H]1CC(=O)C2=C(O1)C=C(O[C@@H]1O[C@H](CO[C@@H]3O[C@@H](C)[C@H](O)[C@@H](O)[C@H]3O)[C@@H](O)[C@H](O)[C@H]1O)C=C2O","DB04703","Prestw-400"
"753","OC(=O)C1=C(I)C(NC(=O)CCCCC(=O)NC2=C(I)C=C(I)C(C(O)=O)=C2I)=C(I)C=C1I","DB04711","Prestw-939"
"754","CS(=O)(=O)NC1=C(OC2=CC=CC=C2)C=C(C=C1)[N+]([O-])=O","DB04743","Prestw-194"
"755","C1=CN(C=N1)C(C1=CC=CC=C1)C1=CC=C(C=C1)C1=CC=CC=C1","DB04794","Prestw-1241"
"756","OC1=C(I)C=C(Cl)C2=C1N=CC=C2","DB04815","Prestw-886"
"757","CN(CS(O)(=O)=O)C1=C(C)N(C)N(C1=O)C1=CC=CC=C1","DB04817","Prestw-713"
"758","CC(C)NNC(=O)C1=CC=NC=C1","DB04818","Prestw-176"
"759","CN(C)CCN(CC1=CC=CS1)C1=NC=CC=C1","DB04819","Prestw-342"
"760","O=C(CCNNC(=O)C1=CC=NC=C1)NCC1=CC=CC=C1","DB04820","Prestw-1099"
"761","CN1CC(C2=CC=CC=C2)C2=C(C1)C(N)=CC=C2","DB04821","Prestw-108"
"762","CC(CC1=CC=CC=C1)NCCC(C1=CC=CC=C1)C1=CC=CC=C1","DB04825","Prestw-560"
"763","CN1C(CC(O)=O)=CC(C)=C1C(=O)C1=CC=C(Cl)C=C1","DB04828","Prestw-779"
"764","CN(C)C\C=C(\C1=CC=C(Br)C=C1)C1=CC=CN=C1","DB04832","Prestw-92"
"765","[H][C@@]12C[C@]1([H])[C@@]1(C)C(=CC2=O)C(Cl)=C[C@@]2([H])[C@]3([H])CC[C@](OC(C)=O)(C(C)=O)[C@@]3(C)CC[C@]12[H]","DB04839","Prestw-1074"
"766","NC(=N)N1CCC2=CC=CC=C2C1","DB04840","Prestw-372"
"767","FC1=CC=C(C=C1)C(N1CCN(C\C=C\C2=CC=CC=C2)CC1)C1=CC=C(F)C=C1","DB04841","Prestw-312"
"768","FC1=CC=C(C=C1)C(CCCN1CCC2(CC1)N(CNC2=O)C1=CC=CC=C1)C1=CC=C(F)C=C1","DB04842","Prestw-906"
"769","C[N+]1(C)CCCC(C1)OC(=O)C(O)(C1=CC=CC=C1)C1=CC=CC=C1","DB04843","Prestw-653"
"770","CCN(CC)C(=O)NC1=CC=C(OCC(O)CNC(C)(C)C)C(=C1)C(C)=O","DB04846","Prestw-1132"
"771","ClC1=CC=C(NC2=NN=C(CC3=CC=NC=C3)C3=CC=CC=C23)C=C1","DB04879","Prestw-1358"
"772","CCCOC1=CC2=C(C=C1)N=C(NC(=O)OC)N2","DB04910","Prestw-1460"
"773","COC1=CC=C(C=C1OC)C(=O)NCC1=CC=C(OCCN(C)C)C=C1","DB04924","Prestw-1295"
"774","CC(OC1=C(Cl)C=CC=C1Cl)C1=NCCN1","DB04948","Prestw-1430"
"775","CC(C)C(=O)C1=C2C=CC=CN2N=C1C(C)C","DB05266","Prestw-1286"
"776","FC1=CC=C(C=C1)N1C=C(C2CCN(CCN3CCNC3=O)CC2)C2=C1C=CC(Cl)=C2","DB06144","Prestw-1341"
"777","[H]\C1=C(\[H])/C(/[H])=C([H])/[C@]([H])(O[C@@]2([H])CC[C@]([H])(N(C)C)[C@]([H])(C)O2)[C@]([H])(C)C[C@]([H])(CC=O)[C@]([H])(O[C@]2([H])O[C@]([H])(C)[C@@]([H])(O[C@@]3([H])C[C@@](C)(O)[C@@]([H])(O)[C@]([H])(C)O3)[C@]([H])(N(C)C)[C@@]2([H])O)[C@@]([H])(OC)[C@]([H])(O)CC(=O)O[C@]([H])(C)C1","DB06145","Prestw-745"
"778","NC1=CC=C(C=C1)S(=O)(=O)NC1=NC=CS1","DB06147","Prestw-16"
"779","CN1CCN2C(C1)C1=CC=CC=C1CC1=CC=CC=C21","DB06148","Prestw-99"
"780","COC1=NC(OC)=NC(NS(=O)(=O)C2=CC=C(N)C=C2)=C1","DB06150","Prestw-728"
"781","CC(=O)N[C@@H](CS)C(O)=O","DB06151","Prestw-1206"
"782","CC(CCC1=CC=CC=C1)NC(C)C(O)C1=CC=C(O)C=C1","DB06152","Prestw-1454"
"783","CN1CCC(CC1)=C1C2=C(CCC3=CC=CC=C13)SC=C2","DB06153","Prestw-992"
"784","[H][C@@]12OC3=C(O)C=CC4=C3[C@@]11CCN(CC3CC3)[C@]([H])(C4)[C@]1(O)CCC2=C","DB06230","Prestw-1490"
"785","CCN1CCCC1CNC(=O)C1=CC(=C(N)C=C1OC)S(=O)(=O)CC","DB06288","Prestw-1217"
"786","COC([C@H](OC1=NC(C)=CC(C)=N1)C(O)=O)(C1=CC=CC=C1)C1=CC=CC=C1","DB06403","Prestw-1497"
"787","O=C1NOC2=C1CCNC2","DB06554","Prestw-972"
"788","COC1=CC=C(CN(CCN(C)C)C2=NC=CC=C2)C=C1","DB06691","Prestw-289"
"789","[H][C@]12[C@H](CCC=C1C=C[C@H](C)[C@@H]2CC[C@@H]1C[C@@H](O)CC(=O)O1)OC(=O)[C@@H](C)CC","DB06693","Prestw-1441"
"790","CC1=CC(=CC(C)=C1CC1=NCCN1)C(C)(C)C","DB06694","Prestw-223"
"791","CNCCC1=CC=CC=N1","DB06698","Prestw-543"
"792","NC(N)=NCC1=CC(I)=CC=C1","DB06704","Prestw-490"
"793","CNC(C)CCC=C(C)C","DB06706","Prestw-1023"
"794","C[C@H](N)[C@H](O)C1=CC(O)=C(O)C=C1","DB06707","Prestw-739"
"795","CC(C[N+](C)(C)C)OC(C)=O","DB06709","Prestw-759"
"796","C(C1=NCCN1)C1=CC=CC2=CC=CC=C12","DB06711","Prestw-46"
"797","COC(=O)C1=C(NC(C)=C(C1C1=CC(=CC=C1)[N+]([O-])=O)C(=O)OC(C)C)C#N","DB06712","Prestw-1154"
"798","[H][C@@]12CC[C@](C)(O)[C@@]1(C)CC[C@@]1([H])[C@@]2([H])CC[C@@]2([H])CC3=NNC=C3C[C@]12C","DB06718","Prestw-1161"
"799","NC1=CC=C(C=C1)S(=O)(=O)NC1=CC=NN1C1=CC=CC=C1","DB06729","Prestw-21"
"800","OC(=O)COC(=O)CC1=CC=CC=C1NC1=C(Cl)C=CC=C1Cl","DB06736","Prestw-175"
"801","NC1=C(Br)C=C(Br)C=C1CN[C@H]1CC[C@H](O)CC1","DB06742","Prestw-366"
"802","CC(N\C(NC#N)=N\C1=CC=NC=C1)C(C)(C)C","DB06762","Prestw-246"
"803","C1CN=C(N1)C1CCCC2=CC=CC=C12","DB06764","Prestw-698"
"804","[H][C@@]1(CC[C@@]2([H])[C@]3([H])[C@H](O)C[C@]4([H])C[C@H](O)CC[C@]4(C)[C@@]3([H])CC[C@]12C)[C@H](C)CCC(O)=O","DB06777","Prestw-285"
"805","[H][C@@]12C[C@H]3OC(C)(C)O[C@@]3(C(=O)CCl)[C@@]1(C)C[C@H](O)[C@@]1(F)[C@@]2([H])CCC2=CC(=O)CC[C@]12C","DB06786","Prestw-655"
"806","[H][C@](C)(CN(C)C)[C@@](CC1=CC=CC=C1)(OC(=O)CC)C1=CC=CC=C1","DB06793","Prestw-1054"
"807","NCC1=CC=C(C=C1)S(N)(=O)=O","DB06795","Prestw-166"
"808","C1N2CN3CN1CN(C2)C3","DB06799","Prestw-1282"
"809","OC1=C(C=C(Cl)C=C1)C(=O)NC1=C(Cl)C=C(C=C1)[N+]([O-])=O","DB06803","Prestw-40"
"810","CN(C)C1=CC2=C(C=C1)[N+](C)=C(\C=C\C1=C(C)N(C(C)=C1)C1=CC=CC=C1)C=C2","DB06816","Prestw-1040"
"811","ClC1=CC=C(CSC(CN2C=CN=C2)C2=C(Cl)C=C(Cl)C=C2)C=C1","DB06820","Prestw-810"
"812","COC1=CN=C(NS(=O)(=O)C2=CC=C(N)C=C2)N=C1","DB06821","Prestw-769"
"813","[H][C@@]1(C[C@H](O)NC(=N)N1)[C@]1([H])NC(=O)\C(NC(=O)[C@H](CO)NC(=O)[C@H](CO)NC(=O)[C@H](CNC1=O)NC(=O)C[C@@H](N)CCCN)=C\NC(N)=O","DB06827","Prestw-1113"
"814","CC1=CC(=O)OC2=C1C=CC(O)=C2","DB07118","Prestw-901"
"815","[H][C@@]1(CC=C)C(=O)N2N(C1=O)C1=CC(C)=CC=C1N=C2N(C)C","DB07402","Prestw-1003"
"816","OC(=O)CC1=CC=C(C=C1)C1=CC=CC=C1","DB07477","Prestw-893"
"817","COC1=CC=C(\C=C\C(=O)NC2=CC=CC=C2C(O)=O)C=C1OC","DB07615","Prestw-1198"
"818","[H][C@](CC)(C1=CC=C(O)C=C1)[C@]([H])(CC)C1=CC=C(O)C=C1","DB07931","Prestw-699"
"819","COC(=O)NC1=NC2=CC=C(C=C2N1)C(=O)C1=CC=CS1","DB08313","Prestw-100"
"820","OC1=CC(Cl)=CC=C1OC1=C(Cl)C=C(Cl)C=C1","DB08604","Prestw-1479"
"821","[H][C@](CO)(NC(=O)C(Cl)Cl)[C@]([H])(O)C1=CC=C(C=C1)S(C)(=O)=O","DB08621","Prestw-25"
"822","[H][C@](CS)(CC1=CC=CC=C1)C(=O)NCC(O)=O","DB08626","Prestw-633"
"823","CN(C(=O)C(Cl)Cl)C1=CC=C(O)C=C1","DB08792","Prestw-903"
"824","C(N(CC1=CC=CC=C1)C1=CC=CC=C1)C1=NCCN1","DB08799","Prestw-258"
"825","CN(C)CCN(CC1=CC=C(Cl)C=C1)C1=CC=CC=N1","DB08800","Prestw-807"
"826","CC(=O)OCC(=O)NCCCOC1=CC=CC(CN2CCCCC2)=C1","DB08806","Prestw-428"
"827","CC(=O)OC1=C(C=CC(=C1)C(F)(F)F)C(O)=O","DB08814","Prestw-528"
"828","CC(=O)N[C@@H](CC(=O)N[C@@H](CCC(O)=O)C(O)=O)C(O)=O","DB08835","Prestw-1091"
"829","NCCC1=CNC2=CC=C(O)C=C12","DB08839","Prestw-481"
"830","[H][C@@]12CCC(=O)[C@@]1(C)CC[C@@]1([H])[C@@]2([H])CCC2=C(O)C(=O)CC[C@]12C","DB08905","Prestw-1420"
"831","CN1CCN(CC1)C(C1=CC=CC=C1)C1=CC=C(Cl)C=C1","DB08936","Prestw-706"
"832","C[C@H](COC1=CC=CC=C1)N[C@H](C)[C@@H](O)C1=CC=C(O)C=C1","DB08941","Prestw-68"
"833","CN1C(C(=O)NC2=NOC(C)=C2)=C(O)C2=C(C=CC=C2)S1(=O)=O","DB08942","Prestw-44"
"834","ClC1=CC(Cl)=C(C=C1)C(CN1C=CN=C1)OCC1=C(Cl)C=CC=C1Cl","DB08943","Prestw-127"
"835","CCC(CC1=C(I)C(N)=C(I)C=C1I)C(O)=O","DB08946","Prestw-1052"
"836","[H][C@@](C)(O)C(O)=NC1=C(I)C(C(O)=NC(CO)CO)=C(I)C(C(O)=NC(CO)CO)=C1I","DB08947","Prestw-871"
"837","CC(C(O)=O)C1=CC=C(C=C1)N1CC2=CC=CC=C2C1=O","DB08951","Prestw-836"
"838","CC(C(O)C1=CC=C(O)C=C1)N1CCC(CC2=CC=CC=C2)CC1","DB08954","Prestw-311"
"839","CCCCC(CC)CN1CN(CC(CC)CCCC)CC(C)(N)C1","DB08958","Prestw-551"
"840","C[N+](C)(C)CCCCCC[N+](C)(C)C","DB08960","Prestw-38"
"841","C\C(N(CC1=CN=C(C)NC1=N)C=O)=C(\CCO)SSCC1CCCO1","DB08966","Prestw-1007"
"842","CC1CCC2=CC(F)=CC3=C2N1C=C(C(O)=O)C3=O","DB08972","Prestw-204"
"843","COC(O)=NC1=NC2=C(N1)C=C(C=C2)C(=O)C1=CC=C(F)C=C1","DB08974","Prestw-1416"
"844","OC1=NCC2(CCN(CCC3=CC=CC=C3)CC2)O1","DB08979","Prestw-213"
"845","CC(NCCC(C1=CC=CC=C1)C1=CC=CC=C1)C1=CC=CC=C1","DB08980","Prestw-270"
"846","OC(=O)CCC(=O)C1=CC=C(C=C1)C1=CC=CC=C1","DB08981","Prestw-218"
"847","OCCOCCOC(=O)C1=CC=CC=C1NC1=CC=CC(=C1)C(F)(F)F","DB08984","Prestw-1407"
"848","CCNCC(O)C1=CC(O)=CC=C1","DB08985","Prestw-1017"
"849","CCN(CC)C(=O)C1=CC(OC)=C(O)C=C1","DB08989","Prestw-500"
"850","COC1=CC(C)=NN1C1=NC(C)=CC(OC)=N1","DB08991","Prestw-32"
"851","COC1=C(O)C=C(C=C1)C1=CC(=O)C2=C(O)C=C(O[C@@H]3O[C@H](CO[C@@H]4O[C@@H](C)[C@H](O)[C@@H](O)[C@H]4O)[C@@H](O)[C@H](O)[C@H]3O)C=C2O1","DB08995","Prestw-1503"
"852","ClC1=CC=C(C=C1)C(OCCN1CCCCC1)C1=CC=CC=C1","DB09002","Prestw-793"
"853","CC(CN(C)C)C(C)(O)CC1=CC=C(Cl)C=C1","DB09004","Prestw-1380"
"854","CCCNC(C)C(O)=NC1=C(SC=C1C)C(=O)OC","DB09009","Prestw-1032"
"855","[H][C@@]12CC[C@@](O)(CCC(O)=O)[C@@]1(C)CC[C@@]1([H])[C@@]2([H])C=CC2=CC(=O)CC[C@]12C","DB09015","Prestw-148"
"856","CCN(CC)CCN=C(O)C1=C(OC)C=C(N)C(Br)=C1","DB09018","Prestw-704"
"857","CN(CC1=CC(Br)=CC(Br)=C1N)C1CCCCC1","DB09019","Prestw-1246"
"858","CC(=O)OC1=CC=C(C=C1)C(C1=CC=C(OC(C)=O)C=C1)C1=CC=CC=N1","DB09020","Prestw-419"
"859","CC(CC1=CC(=CC=C1)C(F)(F)F)NCCOC(=O)C1=CC=CC=C1","DB09022","Prestw-367"
"860","CC1=[N+]([O-])C=C(N=C1)C(O)=O","DB09055","Prestw-1127"
"861","CC(C)(OC1=CC=C(C=C1)C1CC1(Cl)Cl)C(O)=O","DB09064","Prestw-1076"
"862","COC1=C(OC)C(OC)=C(CN2CCNCC2)C=C1","DB09069","Prestw-549"
"863","[H][C@@]12CC[C@@](O)(C#C)[C@@]1(C)CC[C@]1([H])C3=C(CC(=O)CC3)C[C@@]([H])(C)[C@@]21[H]","DB09070","Prestw-1181"
"864","COC1=C(OC)C(=O)C(CCCCCCCCCCCCO)=C(C)C1=O","DB09081","Prestw-1288"
"865","CN(C)CCCOC1=NN(CC2=CC=CC=C2)C2=CC=CC=C12","DB09084","Prestw-297"
"866","CCCCNC1=CC=C(C=C1)C(=O)OCCN(C)C","DB09085","Prestw-571"
"867","CCC(C)(CN(C)C)OC(=O)C1=CC=CC=C1","DB09088","Prestw-49"
"868","COC1=C(OC)C=C(C[N+]2(CCOCCC3CCC4CC3C4(C)C)CCOCC2)C(Br)=C1","DB09090","Prestw-1601"
"869","[H][C@]12C[C@@]3([H])[C@]([H])(N(C)C)C(O)=C(C(O)=N)C(=O)[C@@]3(O)C(O)=C1C(=O)C1=C(O)C=CC(Cl)=C1[C@@]2(C)O","DB09093","Prestw-145"
"870","OS(=O)(=O)CCS","DB09110","Prestw-1487"
"871","OCCN(C(=O)CO)C1=C(I)C(C(=O)NCC(O)CO)=C(I)C(C(=O)NCC(O)CO)=C1I","DB09134","Prestw-878"
"872","COCC(=O)NC1=C(I)C(C(=O)N(C)CC(O)CO)=C(I)C(C(=O)NCC(O)CO)=C1I","DB09156","Prestw-872"
"873","CN(C)CC\C=C1/C2=CC=CC=C2CSC2=CC=CC=C12","DB09167","Prestw-488"
"874","CCOC1=CC=CC=C1OCC1CNCCO1","DB09185","Prestw-1361"
"875","CNCCC(OC1=CC=CC=C1OC)C1=CC=CC=C1","DB09186","Prestw-910"
"876","CNCC(O)C1=CC=C(O)C=C1","DB09203","Prestw-1088"
"877","CC(C)C1=C(OCCN(C)C)C=C(C)C(OC(C)=O)=C1","DB09205","Prestw-42"
"878","OC(=N)CN1CCCC1=O","DB09210","Prestw-537"
"879","CC(C)CC1=CC=C(C=C1)[C@H](C)C(O)=O","DB09213","Prestw-907"
"880","CC1=C(Cl)C=CC=C1NC1=CC=CC=C1C(O)=O","DB09216","Prestw-205"
"881","CC1=C(NC2=C(C=CC=N2)C(O)=O)C=CC=C1Cl","DB09218","Prestw-1104"
"882","[O-][N+](=O)OCCNC(=O)C1=CC=CN=C1","DB09220","Prestw-106"
"883","CN(C)CCOC1=CC2=CC=CC=C2SC2=CC=C(Cl)C=C12","DB09225","Prestw-1368"
"884","COCCOC(=O)C1=C(C)NC(C)=C(C1C1=CC=CC(=C1)[N+]([O-])=O)C(=O)OC\C=C\C1=CC=CC=C1","DB09232","Prestw-1376"
"885","CCOC(=O)C1=C(C)NC(C)=C(C1C1=CC=CC=C1\C=C\C(=O)OC(C)(C)C)C(=O)OCC","DB09236","Prestw-1297"
"886","COC1=NC(C)=NC(Cl)=C1NC1=NCCN1","DB09242","Prestw-1016"
"887","CN1C2=C(N(CC3OCCO3)C=N2)C(=O)N(C)C1=O","DB09273","Prestw-1136"
"888","CCOC(=O)[N-]C1=C[N+](=NO1)N1CCOCC1","DB09282","Prestw-547"
"889","CCN(CC)C1=CC(C)=NC2=NC=NN12","DB09283","Prestw-1012"
"890","CCCC[N+]1(C)[C@H]2C[C@@H](C[C@@H]1[C@H]1O[C@@H]21)OC(=O)[C@H](CO)C1=CC=CC=C1","DB09300","Prestw-1253"
"891","CNC(=O)C1=C(I)C(C(=O)NCC(=O)NC2=C(I)C(C(O)=O)=C(I)C(C(=O)NCCO)=C2I)=C(I)C(N(C)C(C)=O)=C1I","DB09313","Prestw-1062"
"892","[H][C@@]12CC(=O)N1[C@@]([H])(C(O)=O)C(C)(C)S2(=O)=O","DB09324","Prestw-1345"
"893","CCCOC1=CC(N)=CC=C1C(=O)OCCN(CC)CC","DB09342","Prestw-1059"
"894","CCCCOC1=CC=C(OCCCN2CCOCC2)C=C1","DB09345","Prestw-716"
"895","NC1=CC=C(C=C1)S(=O)(=O)NC(=O)C1=CC=CC=C1","DB09355","Prestw-711"
"896","CC(C)(CO)[C@@H](O)C(=O)NCCCO","DB09357","Prestw-22"
"897","[H][C@@]12CC[C@@](O)(C#C)[C@@]1(C)CC[C@]1([H])C3=C(CC[C@@]21[H])CC(=O)CC3","DB09371","Prestw-24"
"898","CC(CN(C(C)=O)C1=C(I)C=C(I)C(N)=C1I)C(O)=O","DB09403","Prestw-838"
"899","CCCCCCCCCCCCCCCC[N+](C)(C)CCN(CC1=CC=C(OC)C=C1)C1=NC=CC=N1","DB09552","Prestw-925"
"900","NC(=O)NC1NC(=O)NC1=O","DB11100","Prestw-2"
"901","CC(C)(C)CC(C)(C)C1=CC=C(OCCOCC[N+](C)(C)CC2=CC=CC=C2)C=C1","DB11125","Prestw-708"
"902","CCCCOC(=O)C1=CC=C(N)C=C1","DB11148","Prestw-761"
"903","[H]\C(=C(\[H])C1=NCCCN1C)C1=CC=CS1","DB11156","Prestw-212"
"904","OC1=CC=CC2=C1C(=O)C1=C(O)C=CC=C1C2","DB11157","Prestw-1224"
"905","[H][C@]12CC[C@]([H])(C[C@@H](C1)OC(=O)C(O)C1=CC=CC=C1)N2C","DB11181","Prestw-62"
"906","CCN(CC)CCOCCOC(=O)C1(CCCC1)C1=CC=CC=C1","DB11186","Prestw-387"
"907","OC[C@H]1O[C@@H](OC2=CC=C(O)C=C2)[C@H](O)[C@@H](O)[C@@H]1O","DB11217","Prestw-1026"
"908","COC1=CC(O)=C(C=C1)C(=O)C1=CC=CC=C1O","DB11221","Prestw-898"
"909","C(NC1=NC=NC2=C1NC=N2)C1=CC=CO1","DB11336","Prestw-659"
"910","COC1=C(O)C=CC=C1","DB11359","Prestw-1268"
"911","[H][C@@]1(CC[C@@]2([H])[C@]3([H])CC[C@@]4([H])C[C@]([H])(O)CC[C@]4(C)[C@@]3([H])C(=O)C[C@]12C)C(C)=O","DB11371","Prestw-1002"
"912","FC1=CC=C(C=C1)C(=O)CCCN1CCN(CC1)C1=CC=CC=N1","DB11376","Prestw-1117"
"913","NC1=C(C=C(C(=C1)C(Cl)=C(Cl)Cl)S(N)(=O)=O)S(N)(=O)=O","DB11389","Prestw-540"
"914","OC1=NC(=O)N(N=C1)C1=CC(Cl)=C(C(C#N)C2=CC=C(Cl)C=C2)C(Cl)=C1","DB11398","Prestw-1394"
"915","COC(=O)NC1=NC2=C(N1)C=CC(SC1=CC=CC=C1)=C2","DB11410","Prestw-210"
"916","CS(=O)(=O)C1=CC=C(C=C1)[C@@H](O)[C@@H](CF)NC(=O)C(Cl)Cl","DB11413","Prestw-955"
"917","[H][C@@]1(C[C@H](C)[C@@]([H])(O1)[C@]1(CC)CC[C@@]([H])(O1)[C@]1(C)CC[C@]2(C[C@H](O)[C@@H](C)[C@]([H])(O2)[C@@H](C)[C@@H](OC)[C@H](C)C(O)=O)O1)[C@@]1([H])O[C@@](O)(CO)[C@H](C)C[C@@H]1C","DB11430","Prestw-748"
"918","COC(=O)NC1=NC2=CC(=CC=C2N1)S(=O)C1=CC=CC=C1","DB11446","Prestw-1459"
"919","NC1=CC=C(C=C1)S(=O)(=O)NC1=NN=C(Cl)C=C1","DB11461","Prestw-715"
"920","NC1=CC=C(C=C1)S(=O)(=O)NC1=NC2=C(C=CC=C2)N=C1","DB11464","Prestw-731"
"921","[H]\C(C)=C1/N=C(O)C(N=C(O)C2=CSC(=N2)C23CCC(=NC2C2=CSC(=N2)C(N=C(O)C2=CSC(=N2)C(N=C(O)C2CSC1=N2)C(C)(O)C(C)O)C(C)OC(=O)C1=NC2=C(C=CC(NC(C(C)CC)C(O)=NC(C)C(O)=NC(=C)C(O)=NC(C)C(O)=N3)C2O)C(=C1)C(C)O)C1=NC(=CS1)C(O)=NC(=C)C(O)=NC(=C)C(O)=N)C(C)O","DB11467","Prestw-522"
"922","COP(=O)(OC)C(O)C(Cl)(Cl)Cl","DB11473","Prestw-51"
"923","CC[C@H]1OC(=O)C[C@@H](O)[C@H](C)[C@@H](O[C@@H]2O[C@H](C)[C@@H](O[C@H]3C[C@@](C)(O)[C@@H](O)[C@H](C)O3)[C@@H]([C@H]2O)N(C)C)[C@@H](CC=O)C[C@@H](C)C(=O)\C=C\C(\C)=C\[C@@H]1CO[C@@H]1O[C@H](C)[C@@H](O)[C@@H](OC)[C@H]1OC","DB11475","Prestw-1353"
"924","CC1=CC=CC(C)=C1NC1=NCCCS1","DB11477","Prestw-598"
"925","OC(=O)C1=CN(C2=CC=C(F)C=C2)C2=CC(N3CCNCC3)=C(F)C=C2C1=O","DB11491","Prestw-1339"
"926","CCCCN(CCCC)CCCOC(=O)C1=CC=C(N)C=C1","DB11502","Prestw-831"
"927","CN[C@H]1[C@H](O)[C@@H](O)[C@H](CO)O[C@H]1O[C@H]1[C@H](O[C@H]2[C@H](O)[C@@H](O)[C@H](NC(N)=N)[C@@H](O)[C@@H]2NC(N)=N)O[C@@H](C)[C@]1(O)CO","DB11512","Prestw-159"
"928","CC1=C(C=CC=C1NC1=C(C=CC=N1)C(O)=O)C(F)(F)F","DB11518","Prestw-744"
"929","CCNC1(CCCCC1=O)C1=CC=CS1","DB11549","Prestw-1022"
"930","COC1=C(O[C@@H]2O[C@H](CO)[C@@H](O)[C@H](O)[C@H]2O)C=C2CC[C@H](NC(C)=O)C3=CC(=O)C(SC)=CC=C3C2=C1OC","DB11582","Prestw-539"
"931","[Na+].CC[Hg]SC1=CC=CC=C1C([O-])=O","DB11590","Prestw-1194"
"932","[H][C@@]12CC[C@@](O)(C#C)[C@@]1(CC)C=CC1=C3CCC(=O)C=C3CC[C@@]21[H]","DB11619","Prestw-1267"
"933","[H][C@@]1(CC[C@@]2([H])[C@]3([H])C(=O)C[C@]4([H])CC(=O)CC[C@]4(C)[C@@]3([H])CC(=O)[C@]12C)[C@H](C)CCC(O)=O","DB11622","Prestw-123"
"934","CC(=O)[C@@]1(O)CC[C@H]2[C@@H]3C=C(C)C4=CC(=O)CC[C@@H]4[C@H]3CC[C@]12C","DB11636","Prestw-1033"
"935","OC(=O)C(CC1=CC(O)=NC2=CC=CC=C12)NC(=O)C1=CC=C(Cl)C=C1","DB11656","Prestw-1166"
"936","CC(=O)SCC(CC1=CC=CC=C1)C(=O)NCC(=O)OCC1=CC=CC=C1","DB11696","Prestw-626"
"937","[H][C@]12CC[C@]([H])(C[C@@]([H])(C1)OC(=O)C1=CNC3=CC=CC=C13)N2C","DB11699","Prestw-461"
"938","CC(N(CC1=CN=C(C)NC1=N)C=O)=C(CCOP(O)(O)=O)SC(=O)C1=CC=CC=C1","DB11748","Prestw-654"
"939","[H][C@@]12C[C@H](C)[C@](O)(C(=O)CCl)[C@@]1(C)C[C@H](O)[C@@]1(F)[C@@]2([H])CCC2=CC(=O)C=C[C@]12C","DB11750","Prestw-781"
"940","CC1CS(=O)(=O)CCN1\N=C\C1=CC=C(O1)[N+]([O-])=O","DB11820","Prestw-1024"
"941","[H][C@@]12C[C@@]3([H])[C@]4([H])CCC5=CC(=O)C=C[C@]5(C)[C@@]4([H])[C@@]([H])(O)C[C@]3(C)[C@@]1(N=C(C)O2)C(=O)COC(C)=O","DB11921","Prestw-1509"
"942","CC(=O)OC1=CC=CC2=C1C(=O)C1=C(OC(C)=O)C=C(C=C1C2=O)C(O)=O","DB11994","Prestw-1167"
"943","OC(=O)\C=C\C1=CC=C(CN2C=CN=C2)C=C1","DB12017","Prestw-979"
"944","COC1=CC=CC=C1N1CCN(CC(O)COC2=CC=CC3=CC=CC=C23)CC1","DB12092","Prestw-975"
"945","[H][C@]12N3CCC[C@@]1(CC)C=C(N1C4=CC=CC=C4C(CC3)=C21)C(=O)OCC","DB12131","Prestw-268"
"946","[H][C@@]12CC[C@@]3(CCC(=O)O3)[C@@]1(C)CC[C@@]1([H])[C@@]2([H])C=CC2=CC(=O)CC[C@]12C","DB12221","Prestw-1259"
"947","CC(C)(C)NCC(O)C1=CC=CC=C1Cl","DB12248","Prestw-1352"
"948","CN1CCOC(C2=CC=CC=C2)C2=CC=CC=C2C1","DB12293","Prestw-229"
"949","CCC1=C(C(=O)C2=CC(Br)=C(O)C(Br)=C2)C2=CC=CC=C2O1","DB12319","Prestw-370"
"950","OC1(CCN(CCCC(=O)C2=CC=C(F)C=C2)CC1)C1=CC=C(Br)C=C1","DB12401","Prestw-509"
"951","CC1CCC2=C3N1C=C(C(O)=O)C(=O)C3=CC(F)=C2N1CCC(O)CC1","DB12447","Prestw-1120"
"952","FC1=CC=C(C=C1)C(=O)C1CCN(CCN2C(=O)NC3=CC=CC=C3C2=O)CC1","DB12465","Prestw-392"
"953","C[C@]12CC[C@H]3[C@@H](CCC4=CCCC[C@H]34)[C@@H]1CC[C@@]2(O)C#C","DB12474","Prestw-95"
"954","C(N1CCN(CC1)C1=NC=CC=N1)C1=CC2=C(OCO2)C=C1","DB12478","Prestw-980"
"955","CCN1CCC[C@H]1CNC(=O)C1=C(O)C(Cl)=CC(Cl)=C1OC","DB12518","Prestw-1325"
"956","CN(C1CCN(CC1)C1=NC2=C(C=CC=C2)N1CC1=CC=C(F)C=C1)C1=NC=CC(=O)N1","DB12523","Prestw-1506"
"957","CN(C(=O)CN(CCO)CC(=O)N(C)C(C)(C)CC1=CC=CC=C1)C(C)(C)CC1=CC=CC=C1","DB12532","Prestw-58"
"958","C1CN=C(N1)C1COC2=CC=CC=C2O1","DB12551","Prestw-926"
"959","CCN(CCCCOC(=O)C1=CC(OC)=C(OC)C=C1)C(C)CC1=CC=C(OC)C=C1","DB12554","Prestw-310"
"960","[H][C@@]1(N)CC=C(CN)O[C@]1([H])O[C@]1([H])[C@@]([H])(N)C[C@@]([H])(N)[C@]([H])(O[C@@]2([H])OC[C@](C)(O)[C@]([H])(NC)[C@@]2([H])O)[C@@]1([H])O","DB12604","Prestw-506"
"961","O=C1N([Se]C2=CC=CC=C12)C1=CC=CC=C1","DB12610","Prestw-740"
"962","COC1=CC=CC=C1N1CCN(CCCNC2=CC(=O)N(C)C(=O)N2C)CC1","DB12661","Prestw-905"
"963","CCCC1=NC=CC(=C1)C(S)=N","DB12667","Prestw-1321"
"964","OCCN=C(O)CN1C=CN=C1N(=O)=O","DB12736","Prestw-649"
"965","NC(CO)C(=O)NNCC1=C(O)C(O)=C(O)C=C1","DB12783","Prestw-938"
"966","[H]\C(CCCC(O)=O)=C(/[H])C[C@@]1([H])[C@@]([H])(O)C[C@@]([H])(O)[C@]1([H])C(\[H])=C(/[H])[C@@]([H])(O)CCCCC","DB12789","Prestw-460"
"967","CCOC(=O)C1=CC=C(OC(=O)CCCCCNC(N)=N)C=C1","DB12831","Prestw-1008"
"968","CC(O)CN1C(C)=NC=C1N(=O)=O","DB12834","Prestw-1340"
"969","OC1=NC2=CC=CC=C2N1C1CCN(CCCC(=O)C2=CC=C(F)C=C2)CC1","DB12867","Prestw-484"
"970","OCCN1CCN(CCCN2C3=CC=CC=C3C=CC3=CC=CC=C23)CC1","DB12930","Prestw-1456"
"971","CCN(CC)CCNC(=O)C1=CC(=CC=C1OC)S(C)(=O)=O","DB13025","Prestw-216"
"972","CC1=NC=C(N1CC(O)CCl)N(=O)=O","DB13026","Prestw-164"
"973","NC1=NC(=NC(N)=N1)C1=C(Cl)C=CC(Cl)=C1","DB13056","Prestw-1173"
"974","C\C1=C/CC[C@@]2(C)O[C@H]2[C@H]2OC(=O)C(=C)[C@@H]2CC1","DB13063","Prestw-550"
"975","[H][C@@]12[C@@H](O)[C@]3([H])C(=C)C4=C(C(O)=CC=C4Cl)C(=O)C3=C(O)[C@]1(O)C(=O)C(C(N)=O)=C(O)[C@H]2N(C)C","DB13092","Prestw-456"
"976","[H][C@@]1(C)CC[C@@]2([H])[C@@]([H])(C)C(=O)O[C@]3([H])O[C@@]4(C)CC[C@]1([H])[C@@]23OO4","DB13132","Prestw-498"
"977","CC(C)(C)NC[C@H](O)C1=CC(CO)=C(O)C=C1","DB13139","Prestw-1516"
"978","[H][C@@]12CC[C@H](O)[C@@]1(C)CC[C@]1([H])[C@@]3([H])CCC(=O)C=C3CC[C@@]21[H]","DB13169","Prestw-982"
"979","CO[C@H]1C[C@H](O[C@H]2[C@H](C)[C@@H](O[C@@H]3O[C@H](C)C[C@@H]([C@H]3OC(C)=O)N(C)C)[C@@H](C)C[C@@]3(CO3)C(=O)[C@H](C)[C@@H](OC(C)=O)[C@@H](C)[C@@H](C)OC(=O)[C@@H]2C)O[C@@H](C)[C@@H]1OC(C)=O","DB13179","Prestw-36"
"980","[98Tc].CCC1=CC=CC(CC)=C1N=C(O)CN(CC(O)=O)CC(O)=O.CCC1=CC=CC(CC)=C1N=C([O-])CN(CC([O-])=O)CC([O-])=O","DB13183","Prestw-504"
"981","CCN(CC)CCC1=NC(=NO1)C1=CC=CC=C1","DB13216","Prestw-826"
"982","OC(=O)CC1=C(N=C(S1)C1=CC=CC=C1)C1=CC=C(Cl)C=C1","DB13217","Prestw-1254"
"983","CN(C)CCN1C2=CC=CC=C2N(C)C2=CC=CC=C2C1=O","DB13225","Prestw-1393"
"984","CC(C)CC(NC(C)=O)C(O)=O","DB13226","Prestw-896"
"985","CCOC1O[C@H]([C@@H](COCC2=CC=CC=C2)OCC2=CC=CC=C2)[C@H](OCC2=CC=CC=C2)[C@H]1O","DB13227","Prestw-1019"
"986","CCCCC1(COC(=O)CCC(O)=O)C(=O)N(N(C1=O)C1=CC=CC=C1)C1=CC=CC=C1","DB13232","Prestw-658"
"987","CCCC(=O)NC1=NC=NC2=C1N=CN2[C@@H]1O[C@@H]2COP(O)(=O)O[C@H]2[C@H]1OC(=O)CCC","DB13242","Prestw-813"
"988","OC(=O)C1=CC=CC=C1C(=O)NC1=CC=C(C=C1)S(=O)(=O)NC1=NC=CS1","DB13248","Prestw-869"
"989","NCC(O)C1=CC=C(O)C=C1","DB13251","Prestw-949"
"990","CC(=O)OC1CN2CCC1CC2","DB13262","Prestw-1511"
"991","CC1=CC2=C(C=C1S(N)(=O)=O)S(=O)(=O)CCC2","DB13284","Prestw-11"
"992","CN1CCC(CC1)=C1C2=CC=CC=C2SC2=CC=CC=C12","DB13292","Prestw-294"
"993","[H][C@@]1(CC[C@]2(O)[C@]3([H])CCC4=C[C@]([H])(CC[C@]4(C)[C@@]3([H])CC[C@]12C)O[C@]1([H])O[C@@]([H])(C)[C@]([H])(O)[C@@]([H])(O)[C@@]1([H])O)C1=COC(=O)C=C1","DB13307","Prestw-986"
"994","COC1=CC=C(C=C1C(=O)NCC1=CC=CN=C1)C(=O)NCC1=CC=CN=C1","DB13327","Prestw-119"
"995","CCC1(CC)C(=O)NC=CC1=O","DB13331","Prestw-803"
"996","[H][C@]12SC(C)(C)[C@@H](N1C(=O)[C@H]2NC(=O)C(C)OC1=CC=CC=C1)C(O)=O","DB13337","Prestw-723"
"997","CCCCCCCCN[C@@H](C)[C@H](O)C1=CC=C(SC(C)C)C=C1","DB13340","Prestw-421"
"998","CCCCOC1=CC=C(CC(=O)NO)C=C1","DB13346","Prestw-243"
"999","CCN1CCCC(C1)OC(=O)C(C1=CC=CC=C1)C1=CC=CC=C1","DB13351","Prestw-1055"
"1000","[H][C@]12N3CCC[C@@]1(CC)C[C@@](O)(N1C4=CC=CC=C4C(CC3)=C21)C(=O)OC","DB13374","Prestw-271"
"1001","O[Hg]C1=C2OC3=CC(=O)C(Br)=CC3=C(C2=CC(Br)=C1O[Na])C1=CC=CC=C1C(=O)O[Na]","DB13392","Prestw-787"
"1002","CN1N(C(=O)C(NC(=O)C2=CC=CN=C2)=C1C)C1=CC=CC=C1","DB13407","Prestw-225"
"1003","C1CCN2N=NN=C2CC1","DB13415","Prestw-162"
"1004","CC(O)=NC1CCSC1=O","DB13442","Prestw-644"
"1005","CC(C)NC[C@H](O)COC1=CC=C(CC(N)=O)C=C1","DB13443","Prestw-953"
"1006","C[N+](C)(CCOC1=CC=CC=C1)CC1=CC=CC=C1","DB13462","Prestw-936"
"1007","CN1[C@H]2CC[C@@H]1C[C@@H](C2)OC1C2=CC=CC=C2CCC2=C1C=CC=C2","DB13466","Prestw-1013"
"1008","[H][C@@]1(CC[C@]2(O)[C@]3([H])CC[C@]4([H])C[C@]([H])(CC[C@]4(C)[C@@]3([H])C[C@@]([H])(O)[C@]12C)O[C@@]1([H])C[C@]([H])(O)[C@]([H])(O[C@@]2([H])C[C@]([H])(O)[C@]([H])(O[C@@]3([H])C[C@]([H])(OC(C)=O)[C@]([H])(O[C@]4([H])O[C@]([H])(CO)[C@@]([H])(O)[C@]([H])(O)[C@@]4([H])O)[C@@]([H])(C)O3)[C@@]([H])(C)O2)[C@@]([H])(C)O1)C1=CC(=O)OC1","DB13467","Prestw-656"
"1009","CCC1(CCCCN(C)C1)C1=CC(O)=CC=C1","DB13478","Prestw-1004"
"1010","CCNCC.OC1=CC(=C(O)C=C1)S(O)(=O)=O","DB13483","Prestw-1015"
"1011","NC(=O)C1=CC=[N+](CC2=C(N3[C@H](SC2)[C@H](NC(=O)[C@@H](C2=CC=CC=C2)S(O)(=O)=O)C3=O)C([O-])=O)C=C1","DB13499","Prestw-814"
"1012","COC1=CC(OC)=C(C(=O)CCCN2CCCC2)C(OC)=C1","DB13510","Prestw-426"
"1013","COC1=CC(N)=C(Cl)C=C1C(=O)NC1CCN(CC2=CC=CC=C2)CC1","DB13511","Prestw-380"
"1014","CC(C(O)=O)C1=CC2=C(OC3=C(C2)C=CC=N3)C=C1","DB13514","Prestw-1318"
"1015","[H][C@@]12CC3=CN(C)C4=CC=CC(=C34)[C@@]1([H])C[C@@H](CNC(=O)OCC1=CC=CC=C1)CN2C","DB13520","Prestw-364"
"1016","[H][C@@]12CC[C@](O)(C(C)=O)[C@@]1(C)CC[C@@]1([H])[C@@]2([H])C=C(Cl)C2=CC(=O)CC[C@]12C","DB13528","Prestw-1374"
"1017","NS(=O)(=O)C1=CC2=C(NC(CC3CCCC3)NS2(=O)=O)C=C1Cl","DB13532","Prestw-994"
"1018","CN1C2=C(N(CC(O)=O)C=N2)C(=O)N(C)C1=O","DB13573","Prestw-1507"
"1019","CC(N)CCCC(C)(C)O","DB13574","Prestw-15"
"1020","OC(=O)CCC(=O)NC1=CC=C(C=C1)S(=O)(=O)NC1=NC=CS1","DB13580","Prestw-702"
"1021","CC1=CC=CC=C1OCC(O)CO","DB13583","Prestw-178"
"1022","CCN(CC)CCOC(=O)C(CC1CCCO1)CC1=C2C=CC=CC2=CC=C1","DB13588","Prestw-377"
"1023","NC(=N)NC(=N)N1CCOCC1","DB13597","Prestw-84"
"1024","CCN1C=C(C(O)=O)C(=O)C2=CC3=C(OCO3)C=C12","DB13627","Prestw-193"
"1025","OC(CCN1CCCCC1)(C1=CC=CC=C1)C1=CC=CC=C1","DB13642","Prestw-799"
"1026","[H][C@@]12C[C@@]3([H])\C(C[N@+]1(CC=C)CC[C@@]21C2=C(C=CC=C2)N2\C=C4/[C@]5([H])N(\C=C3/[C@@]12[H])C1=C(C=CC=C1)[C@@]51CC[N@@+]2(CC=C)C\C(=C\CO)[C@]4([H])C[C@@]12[H])=C/CO","DB13648","Prestw-1036"
"1027","[O-][N+](=O)C1=CN=C(S1)N1CCNC1=O","DB13661","Prestw-469"
"1028","CN1CCCN=C1\C=C\C1=CC=CC(O)=C1","DB13670","Prestw-398"
"1029","CCCCC1=CC2=CC=CC=C2C(OCCN(C)C)=N1","DB13683","Prestw-630"
"1030","COC1=CC(=CC(OC)=C1OC)C(=O)OCCCN1CCCN(CCCOC(=O)C2=CC(OC)=C(OC)C(OC)=C2)CC1","DB13715","Prestw-236"
"1031","C[N+]1(C)CCC(CC1)=C(C1=CC=CC=C1)C1=CC=CC=C1","DB13720","Prestw-79"
"1032","NC(=N)NS(=O)(=O)C1=CC=C(N)C=C1","DB13726","Prestw-10"
"1033","O[Sb](=O)=O.CNC[C@H](O)[C@@H](O)[C@H](O)[C@H](O)CO","DB13732","Prestw-884"
"1034","CCN(CC)CCNC(C(=O)OCCC(C)C)C1=CC=CC=C1","DB13738","Prestw-1498"
"1035","CCC1(C)CC(=O)NC(=O)C1","DB13740","Prestw-882"
"1036","CCN1C=C(C(O)=O)C(=O)C2=CN=C(N=C12)N1CCCC1","DB13744","Prestw-805"
"1037","CN(C)CCOC(=O)COC1=CC=C(Cl)C=C1","DB13758","Prestw-763"
"1038","CC1=CC=CC(C)=C1NC(=O)CN1CCN(CCCC(C2=CC=C(F)C=C2)C2=CC=C(F)C=C2)CC1","DB13766","Prestw-381"
"1039","CN1CCN(CC1)C1=C(F)C=C2C(=O)C(=CN3CCSC1=C23)C(O)=O","DB13772","Prestw-1338"
"1040","COC1=NN=C(NS(=O)(=O)C2=CC=C(N)C=C2)C=C1","DB13773","Prestw-724"
"1041","OC(CNCCNC(=O)N1CCOCC1)COC1=CC=C(O)C=C1","DB13781","Prestw-923"
"1042","COC1=CC2=C(C=C1)N(C(=O)C1=CC=C(Cl)C=C1)C(C)=C2CC(=O)OCC(O)=O","DB13783","Prestw-296"
"1043","OCC(O)CN1CCN(CC1)C1=CC=CC=C1","DB13785","Prestw-245"
"1044","ClC1=CC=C(OCC(=O)N2CCN(CC3=CC4=C(OCO4)C=C3)CC2)C=C1","DB13790","Prestw-298"
"1045","C[C@H]1CCC[C@@H](C)N1NC(=O)C1=CC=C(Cl)C(=C1)S(N)(=O)=O","DB13792","Prestw-354"
"1046","[H][C@]12N3CCC[C@@]1(CC)CC(=O)N1C4=CC=CC=C4C(CC3)=C21","DB13793","Prestw-607"
"1047","CN1CCC2=C(C1)C1=CC=CC=C1N2CC1=CC=CC=C1","DB13808","Prestw-455"
"1048","CC1(C)S[C@@H]2[C@H](NC(=O)[C@H](N)C3=CC=CC=C3)C(=O)N2[C@H]1C(=O)OC1OC(=O)C2=CC=CC=C12","DB13814","Prestw-1010"
"1049","CCN1C=C(C(O)=O)C(=O)C2=CN=C(N=C12)N1CCNCC1","DB13823","Prestw-897"
"1050","C[N+]1(C)[C@H]2CC[C@@H]1C[C@@H](C2)OC(=O)C(CO)C1=CC=CC=C1","DB13833","Prestw-900"
"1051","CC[N+]1(C)CCCC(C1)OC(=O)C(O)(C1=CC=CC=C1)C1=CC=CC=C1","DB13844","Prestw-760"
"1052","COC1=CC=C(C=C1)C1=CC(=S)SS1","DB13853","Prestw-1223"
"1053","OC1=CC=C(C=C1)C(=O)N\N=C\C1=CC=C(O1)[N+]([O-])=O","DB13855","Prestw-555"
"1054","[H][C@@]12CC[C@@](O)(C#C)[C@@]1(C)CC[C@]1([H])[C@@]3([H])CC[C@H](O)C=C3CC[C@@]21[H]","DB13866","Prestw-908"
"1055","C[C@@H]1C[C@H]2[C@@H]3C[C@H](F)C4=CC(=O)C=C[C@]4(C)[C@@]3(F)[C@@H](O)C[C@]2(C)[C@@]1(O)C(=O)SCF","DB13867","Prestw-997"
"1056","CCOC1=NC2=CC=CC(C(O)=O)=C2N1CC1=CC=C(C=C1)C1=CC=CC=C1C1=NN=NN1","DB13919","Prestw-1258"
"1057","[H][C@@]12CC[C@H](OC(=O)CCCC)[C@@]1(C)CC[C@]1([H])C3=C(CC[C@@]21[H])C=C(O)C=C3","DB13956","Prestw-1473"
"1058","OC(=O)CN(CCN(CC(O)=O)CC(O)=O)CCN(CC(O)=O)CC(O)=O","DB14007","Prestw-941"
"1059","NC1CCN(C1)C1=C(F)C=C2C(=O)C(=CN(C3CC3)C2=C1Cl)C(O)=O","DB14025","Prestw-1379"
"1060","CCN(CC)CCNC1=C2C(=O)C3=CC=CC=C3SC2=C(CO)C=C1","DB14061","Prestw-355"
"1061","OCN1C(NC(=O)NCNC(=O)NC2N(CO)C(=O)NC2=O)C(=O)NC1=O","DB14075","Prestw-1071"
"1062","CCCCOC(=O)C1=CC=C(O)C=C1","DB14084","Prestw-894"
"1063","NC(=O)C1=C[N+](=CC=C1)[C@@H]1O[C@H](COP([O-])(=O)OP(O)(=O)OC[C@H]2O[C@H]([C@H](O)[C@@H]2O)N2C=NC3=C2N=CN=C3N)[C@@H](O)[C@H]1O","DB14128","Prestw-741"
"1064","[H][C@@]12CC[C@](O)(C(=O)COC(C)=O)[C@@]1(C)C[C@H](O)[C@@]1([H])[C@@]2([H])CCC2=CC(=O)CC[C@]12C","DB14539","Prestw-1486"
"1065","[H][C@@]12CC[C@](O)(C(=O)COC(C)=O)[C@@]1(C)C[C@H](O)[C@@]1(F)[C@@]2([H])CCC2=CC(=O)C=C[C@]12C","DB14640","Prestw-6"
"1066","[H][C@@]12CC(=C)[C@](OC(C)=O)(C(C)=O)[C@@]1(C)CC[C@@]1([H])[C@@]2([H])C=C(C)C2=CC(=O)CC[C@]12C","DB14659","Prestw-1435"
"1067","[H][C@@]12CC[C@](O)(C(=O)CO)[C@@]1(C)CC(=O)[C@@]1([H])[C@@]2([H])CCC2=CC(=O)CC[C@]12C","DB14681","Prestw-273"
"1068","OC1=CC(O)=C2C(=O)C=C(OC2=C1)C1=CC=C(O)C(O)=C1","DB15584","Prestw-870"
